integrated_code,integrated_name,주요전공명,전문교과 관련 교과목,취업률_전체,취업률_남,취업률_여
7,아동가족학과,"유아교육론, 멀티미디어와 아동, 가족학 개론 , 아동행동관찰, 유아교육과정","지역 이해, 세계 문제와 미래 사회, 현대 세계의 변화, 사회 탐구 방법 및 사회과제 연구, 인간 발달, 아동 복지, 영유아 건강, 안전, 영양 지도, 복지 서비스의 기초",67.6,64.9,68.3
13,도시건설과,"수리학, 응용역학, 토질기초공학, 측량학, CAD","심화수학IᆞII, 고급 수학IᆞII, 고급 물리학, 물리학 실험, 고급 화학, 화학 실험, 고급 지구과학, 지구과학 실험, 정보과학, 융합과학탐구, 과학과제 연구, 생태와 환경, 지역 이해, 사회과제 연구, 공간 정보 구축, 공간 정보 융합 서비스, 빅테이터 분석, 인간과 환경, 환경보전",81.3,78.7,92.9
21,게임공학과,"게임학기초, 게임자료구조, 게임알고리즘, 게임소프트웨어공학, 게임 기획","문학과 매체, 영상 제작의 이해, 매체미술, 드로잉, 사진 표현 기법, 사진영상편집, 사회과제 연구, 시나리오, 콘텐츠일반, 문화콘텐츠산업일반, 컴퓨터그래픽, 영상제작기초, 프로그래밍",69.3,69.5,69.0
22,경영정보과,"회계원리, 재무관리, 경제학원론, 마케팅원론, 정보시스템분석설계","정보과학, 국제 경제, 지역 이해, 세계 문제와 미래 사회, 사회 탐구 방법 및 사회과제 연구, 기업과 경영, 커뮤니케이션, 정보통신, 빅데이터 분석",68.0,70.4,65.9
23,경영학과,"인사관리, 마케팅관리, 기업윤리, 재무관리, 경영과학","심화 수학I, 정보과학, 국제 경제, 세계 문제와 미래 사회, 사회 탐구 방법 및 사회과제 연구, 기업과 경영, 회계 정보 처리 시스템, 금융 일반, 마케팅과 광고, 창업 일반, 커뮤니케이션, 유통 관리",68.5,70.3,66.6
24,경영회계정보과,"회계원리, 재무회계, 원가회계, 생산관리, 경영학원론","심화 수학I,II 고급수학I, II, 정보과학, 국제 경제, 사회 탐구 방법 및 사회과제 연구 , 회계 원리, 회계 정보 처리 시스템, 세무 일반, 국제 상무, 금융 일반, 보험 일반, 회계 실무",61.5,58.3,63.0
25,경제학과,"거시경제학, 게임이론, 경제발전연구, 재정학, 미시경제학","심화 수학 I,II, 고급 수학 I,II, 정보과학, 국제 경제, 국제법, 세계 문제와 미래 사회, 사회 탐구 방법 및 사회과제 연구, 상업 경제, 회계 정보 처리 시스템, 금융 일반, 마케팅과 광고, 창업 일반, 커뮤니케이션",62.4,63.1,61.6
26,경찰행정과,"경찰학개론, 경호무술, 형법총론, 경찰행정학, 범죄수사론","지역 이해, 세계 문제와 미래 사회, 현대 세계의 변화, 사회 탐구 방법 및 사회과제 연구, 커뮤니케이션, 정보처리와 관리, 컴퓨터 보안, 정보 보호 관리, 빅데이터 분석",66.7,69.6,64.8
27,경찰행정학과,"경찰학개론, 경찰행정학과, 체포술, 범죄심리학, 형사소송법","지역 이해, 세계 문제와 미래 사회, 현대 세계의 변화, 사회 탐구 방법 및 사회과제 연구, 커뮤니케이션, 정보처리와 관리, 컴퓨터 보안, 정보 보호 관리, 빅데이터 분석",58.7,61.7,55.8
28,경호스포츠과,"경호실무, 경호무도, 민간경비론, 범죄학개론, 안전관리학","스포츠 개론, 체육 지도법, 체육 전공 실기 기초, 체육 전공 실기 심화, 체육 전공 실기 응용, 인체 구조와 기능, 간호의 기초",72.0,73.6,68.9
29,고고학과,"고고학사, 문헌고고학, 한국의 고분문화, 인류의 기원과 진화, 한국고대ᆞ선사문화","사회탐구 방법, 사회과제 연구, 한국 사회의 이해, 비교 문화, 지역 이해, 문화콘텐츠 산업 일반",56.9,57.2,56.6
30,고분자공학과,"고분자 가공, 고분자물성, 고분자화학, 고분자재료, 무기화학","심화수학IᆞII, 고급 수학IᆞII, 고급 물리학, 물리학 실험, 고급 화학, 화학 실험, 정보과학, 과학과제연구, 공업일반, 공업 화학, 제조 화학, 화학 분석, 석유 화학 제품",71.6,73.9,68.0
33,공업디자인과,"환경디자인, 3D모델링, 제품디자인, 컴퓨터응용제도CAD, 인간공학","미술 이론, 미술사, 드로잉 미술 전공 실기, 디자인 일반, 시각디자인, 색체 관리",68.8,71.0,67.5
34,공업디자인학과,"디지털 드로잉, 산업 디자인사, 디지털 모델링, 산업기기 디자인, 산업디자인 프로세스","미술 이론, 미술사, 드로잉, 미술 전공 실기, 디자인 일반, 시각 디자인, 색채 관리",68.8,71.0,67.5
35,공업화학과,"공업화학실험, 정밀화학, 유기화학, 무기화학, 고분자화학","고급 화학, 화학 실험, 과학과제 연구, 융합과학 탐구, 정보과학, 심화수학I, 심화수학II, 고급 수학I, 고급수학II, 환경화학기초, 공업화학, 제조화학",71.6,73.9,68.0
37,공연예술과,"무대연기, 발레, 공연예술개론, 시창청음, 무대연출론","미술 이론, 미술사, 드로잉 미술 전공 실기, 디자인 일반, 시각디자인, 색체 관리",69.7,71.8,68.9
38,공예과,"공예디자인론, 소묘, 색채학, 렌더링, 평면구성","미술 이론, 미술사, 드로잉 미술 전공 실기, 디자인 일반, 시각디자인, 색체 관리",64.2,67.8,63.6
39,공예디자인학과,"공예제도와 CAD, 금속공예의 이해, 예술장신구, 금속공예의 이해, 공예디자인, 예술장신구","미술 이론, 미술사, 드로잉, 미술 전공 실기, 디자인 일반, 시각 디자인, 색채 관리",68.8,71.0,67.5
41,공예학과,"현대공예론, 조형원리, 도자공예조형, 공예재료학, 금속조형, 조형원리","미술 이론, 미술사, 드로잉, 미술 전공 실기, 디자인 일반, 시각 디자인, 색채 관리",64.2,67.8,63.6
45,관광경영과,"관광마케팅, 관광법규, 관광학원론, 경영학개론, 국제관광론","정보과학, 생태와 환경, 지역 이해, 비교 문화, 세계 문제와 미래 사회, 사회 탐구 방법 및 사회과제 연구, 커뮤니케이션, 비즈니스 영어, 마케팅과 광고, 빅데이터 분석",67.5,69.6,67.0
46,관광경영학과,"관광경제론, 관광법규, 호텔회계, 여가산업론, 관광자원론","정보과학, 생태와 환경, 지역 이해, 비교 문화, 세계 문제와 미래 사회, 사회 탐구 방법 및 사회과제 연구, 커뮤니케이션, 비즈니스 영어, 마케팅과 광고, 빅데이터 분석",70.0,71.1,69.7
48,관광통역과,"관광영어토론, 관광학원론, 관광서비스예절, 여행업경영론, 여행실무","심화 영어, 심화 영어 회화, 심화 영어 독해, 심화 영어 작문, 세계 문제와 미래 사회, 국제 관계와 국제기구, 사회과제 연구",46.6,52.2,42.9
50,광고기획과,"광고카피라이팅, 광고기획론, 인쇄광고제작, 광고원론, 영상광고제작","지역 이해, 세계 문제와 미래 사회, 현대 세계의 변화, 사회 탐구 방법 및 사회과제 연구, 마케팅과 광고, 커뮤니케이션, 인간발달, 시각디자인, 광고 콘텐츠 제작, 빅데이터 분석",68.0,70.4,65.9
51,광고디자인과,"편집디자인, 시각디자인, 인쇄매체광고, 광고디자인, 웹디자인","미술 이론, 미술사, 드로잉 미술 전공 실기, 디자인 일반, 시각디자인, 색체 관리",68.8,71.0,67.5
54,광고홍보학과,"광고기획관리론, 광고매체기획, 이벤트기획관리론, 국제광고론, 광고제작론","지역 이해, 세계 문제와 미래 사회, 현대 세계의 변화, 사회 탐구 방법 및 사회과제 연구, 마케팅과 광고, 커뮤니케이션, 인간발달, 시각디자인, 광고 콘텐츠 제작, 빅데이터 분석",72.6,74.6,71.5
55,광학공학과,"분광학, 양자광학, 파동광학, 기하광학, 광공학","심화수학IᆞII, 고급 수학IᆞII, 고급 물리학, 물리학 실험, 고급 화학, 화학 실험, 생태와 환경, 과학과제연구, 공업 일반, 냉동 공조 설계, 프로그래밍",77.8,77.6,78.0
56,교양과,"컴퓨터활용, 정보사회와 디지털문화, 예술의 이해와 감상, 전통사회와 생활문화, 문화비평과 미학","정보과학, 지역 이해, 비교 문화, 세계 문제와 미래 사회, 사회 탐구 방법 및 사회과제 연구, 기업과 경영, 정보처리와 관리, 커뮤니케이션, 정보통신, 빅데이터 분석",67.7,75.6,62.1
57,교육공학과,"교수설계모형, 교수학습이론, 교수설계, 교육통계 및 컴퓨터 데이터 분석, 교육공학","영상 제작의 이해, 사진 영상 편집, 정보통신 교과의 방송 제작 시스템 운영, 응용 프로그래밍 개발, 인쇄ᆞ출판ᆞ공예 교과의 디지털 이미지 재현",63.4,66.3,62.4
59,교육학과,"교육사회학, 교육철학, 교육사, 교육심리, 교육학개론","현대 세계의 변화, 사회 탐구 방법 또는 사회과제 연구, 복지 서비스의 기초",63.4,66.3,62.4
61,교통공학과,"교통안전공학, 교통운영, 교통과 도시개발, 교통조사, 교통계획론","심화수학IᆞII, 고급 수학IᆞII, 고급 물리학, 물리학 실험, 고급 화학, 화학 실험, 정보과학, 융합과학탐구, 과학과제연구, 생태와 환경, 지역이해, 사회과제 연구, 자동 제어 시스템 운영, 프로그래밍, 빅데이터 분석",77.2,77.7,75.0
68,국어교육과,"국어 정서법 교육, 국어과 교육론, 국어화법교육, 국문학개론, 국어학개론","현대 세계의 변화, 사회 탐구 방법 또는 사회과제 연구, 복지 서비스의 기초",45.4,51.3,42.7
69,국어국문학과,"한국 고전 문학 개론, 한국 고전 소설론, 한국 현대 문학 개론, 한국어 문법의 이해, 한국어 음운론","현대 문학 감상, 고전 문학 감상, 문예 창작 입문, 문학 개론, 문학과 매체, 시 창작, 소설 창작, 극 창작",57.5,56.8,57.8
70,국제통상학과,"국제경영학, 국제무역론, 상사중재론, 국제통상교섭론, 무역상무론","정보과학, 국제 정치, 국제 경제, 국제법, 지역 이해, 비교 문화, 세계 문제와 미래 사회, 사회 탐구 방법 및 사회과제 연구, 커뮤니케이션, 국제 상무, 기업과 경영, 비즈니스 영어",64.6,67.3,61.8
72,무역학과,"무역정책론, 무역영어, 국제마케팅, 국제금융론, 무역법규론","심화 수학I, 정보과학, 국제 경제, 국제법, 지역 이해, 세계 문제와 미래 사회, 국제 관계와 국제기구, 사회 탐구 방법 및 사회과제 연구, 상업경제, 유통 일반, 국제 상무, 비즈니스 영어, 커뮤니케이션, 무역 금융 업무, 전자 상거래 일반, 수출입 관리, 원산지 관리",64.6,67.3,61.8
74,국제문화정보학과,"비교문화론, 국제문화의 이해, 현대사회의 문화와 인간, 미국의 문화와 사회, 문화의 이해","국제 정치, 국제 경제, 국제법, 지역 이해, 비교 문화, 세계 문제와 미래 사회, 국제 관계와 국제기구, 현대 세계의 변화, 사회 탐구 방법 및 사회과제 연구, 커뮤니케이션, 비즈니스 영어",59.1,61.0,58.0
77,금속공예과,"귀금속가공학, 귀금속세공실무, 색채학, 주얼리디자인, 보석감정","미술 이론, 미술사, 드로잉 미술 전공 실기, 디자인 일반, 시각디자인, 색체 관리",64.2,67.8,63.6
78,금속공예학과,"공예조형, 금속공예의 이해, 금속공예사, 랜더링, 유리공예, 공예경영","미술 이론, 미술사, 드로잉, 미술 전공 실기, 디자인 일반, 시각 디자인, 색채 관리",64.2,67.8,63.6
79,금속공학과,"금속가공학, 금속전기화학, 제련공학원리, 금속열역학, 금속물리화학","심화수학IᆞII, 고급 수학IᆞII, 고급 물리학, 물리학 실험, 고급 화학, 화학 실험, 정보 과학, 융합과학탐구, 과학과제연구, 공업 일반, 기계 제도, 기계 일반, 기계 제어 설계",72.5,75.3,60.9
82,금융경영과,"금융기관론, 경영학개론, 금융시장론, 재무관리, 서비스마케팅","심화 수학I, 정보과학, 국제 경제, 국제법, 지역 이해, 세계 문제와 미래 사회, 국제 관계와 국제기구, 사회 탐구 방법 및 사회과제 연구, 회계 원리, 세무 일반, 금융 일반, 보험 일반, 예산ᆞ자금, 무역 금융 업무",61.5,58.3,63.0
83,금융보험학과,"금융법규론, 금융시장론, 보험경영론, 위험관리론, 보험계약법","심화 수학I, 정보과학, 국제 경제, 국제법, 지역 이해, 세계 문제와 미래 사회, 국제 관계와 국제기구, 사회 탐구 방법 및 사회과제 연구, 회계 원리, 세무 일반, 금융 일반, 보험 일반, 예산ᆞ자금, 무역 금융 업무",63.1,64.7,61.8
85,금형설계과,"금속재료, 사출금형기초, 프레스금형기초, CAM프로그래밍(Computer Aided Manufacturing Programming), CAD 프로그램","심화수학IᆞII, 고급 수학IᆞII, 고급 물리학, 물리학 실험, 고급 화학, 화학 실험, 정보과학, 융합과학탐구, 과학과제연구, 공업 일반, 기계 제도, 기계 일반, 기계 제어 설계",77.0,77.3,70.7
86,기계공학과,"기계공작법, 기계공학실험, 열역학, 재료역학, 유체역학","심화수학IᆞII, 고급 수학IᆞII, 고급 물리학, 물리학 실험, 고급 화학, 화학 실험, 정보 과학, 융합과학탐구, 과학과제연구, 공업 일반, 기계 제도, 기계 일반, 기계 제어 설계",72.5,73.0,68.5
87,기계과,"기계설계, 기계재료, 기계제도, 공업역학, 열역학","심화수학IᆞII, 고급 수학IᆞII, 고급 물리학, 물리학 실험, 고급 화학, 화학 실험, 정보과학, 융합과학탐구, 과학과제연구, 공업 일반, 기계 제도, 기계 일반, 기계 제어 설계",77.0,77.3,70.7
88,기계설계공학과,"기계요소설계, CAD, 계측공학, 고체역학, 자동제어","심화수학IᆞII, 고급 수학IᆞII, 고급 물리학, 물리학 실험, 고급 화학, 화학 실험, 정보 과학, 융합과학탐구, 과학과제연구, 공업 일반, 기계 제도, 기계 일반, 기계 제어 설계",72.5,73.0,68.5
89,기계설계과,"재료역학, 구조역학, 기계설계, CAD, IT부품설계","심화수학IᆞII, 고급 수학IᆞII, 고급 물리학, 물리학 실험, 고급 화학, 화학 실험, 정보과학, 융합과학탐구, 과학과제연구, 공업 일반, 기계 제도, 기계 일반, 기계 제어 설계",77.0,77.3,70.7
93,기독교학과,"복음서연구, 신학입문, 종교학, 종교사, 영성훈련","지역 이해, 비교 문화, 세계 문제와 미래 사회, 사회 탐구 방법 및 사회과제 연구, 빅데이터 분석",55.9,57.2,54.8
94,기악과,"관악합주, 피아노교수법, 앙상블, 서양음악사, 실내악, 반주법","음악이론, 음악사, 시창ᆞ청음, 음악 전공 실기, 음악 콘텐츠 제작",56.2,58.2,55.7
96,나노공학과,"나노공학개론, 나노소재응용, 나노재료물성학, 나노과학, 나노융합기술","심화수학IᆞII, 고급 수학IᆞII, 고급 물리학, 물리학 실험, 고급 화학, 화학 실험, 고급 생명과학, 생명과학 실험,정보과학, 생태와 환경, 과학과제 연구, 공업 일반, 화학 분석, 프로그래밍, 자료 구조",72.6,74.7,67.8
102,노인보건복지과,"노인복지론, 사회복지개론, 케어복지개론, 사회복지현장실습, 가족복지론","지역 이해, 세계 문제와 미래 사회, 현대 세계의 변화, 사회 탐구 방법 및 사회과제 연구, 사무 행정, 인간 발달, 아동 복지, 복지 서비스의 기초, 대인 복지 서비스",69.1,71.2,68.2
103,노인복지학과,"노인복지론, 노인상담심리, 노인복지현장실습, 프로그램개발과 평가, 노년학","지역 이해, 세계 문제와 미래 사회, 현대 세계의 변화, 사회 탐구 방법 및 사회과제 연구, 사무 행정, 인간 발달, 아동 복지, 복지 서비스의 기초, 대인 복지 서비스",64.9,65.1,64.9
104,농공학과,"농업토목, 지반공학, 농지공학 및 설계, 지하수학, 구조역학","고급 생명과학, 생명과학 실험, 과학과제연구, 융합과학 탐구, 생태와 환경, 정보과학, 사회탐구 방법, 생명공학 기술, 인간과 환경",68.9,70.4,66.2
106,농수산과,"농업생산과학, 수산학개론, 양식기계 및 실습, 수산양식경영, 과수유통, 재배원론","고급 생명과학, 생명과학 실험, 물리화학 실험, 융합과학 탐구, 과학 과제 연구, 생태와 환경, 정보과학, 임산 가공, 제조화학, 생명공학 기술, 산림 자원",77.6,80.2,71.6
107,농업경제학과,"농산물 유통론, 농업경영학, 농업경제학, 농업발전론, 농촌조사방법론","사회탐구 방법, 사회과제 연구, 한국사회의 이해, 국제경제, 심화수학I, 심화수학II, 고급수학I, 고급수학II, 과학과제 연구, 정보과학, 농업 경영, 농산물 유통 관리, 농업 기초 기술, 관광 농업, 농산 식품 가공",62.4,63.1,61.6
111,대기과학과,"기후역학, 대기물리, 대기화학, 대기환경, 지구환경과 대기과학","고급 지구과학, 지구과학 실험, 과학과제 연구, 융합과학 탐구, 정보과학, 생태와 환경, 환경화학 기초, 환경측정 관리",62.3,69.0,52.5
114,댄스스포츠과,"기초무용, 댄스스포츠개론, 라틴댄스실습, 모던댄스실습, 생활체육지도자론","스포츠 개론, 체육 지도법, 체육 전공 실기 기초, 체육 전공 실기 심화, 체육 전공 실기 응용, 인체 구조와 기능, 간호의 기초",72.0,73.6,68.9
117,도시계획학과,"국토 및 지역계획, 도시 재개발, 도시계획관계 법규, 도시인구론, 도시설계지도","지역 이해, 세계 문제와 미래 사회, 현대 세계의 변화, 사회 탐구 방법 및 사회과제 연구, 공간정보융합서비스, 빅데이터 분석, 인간과 환경, 환경 보전",68.4,68.3,68.6
118,도시공학과,"도시계획, 도시설계, 도시 재개발, 도시교통계획, 도시공간구조론","심화수학IᆞII, 고급 수학IᆞII, 고급 물리학, 물리학 실험, 고급 화학, 화학 실험, 고급 지구과학, 지구과학 실험, 정보과학, 융합과학탐구, 과학과제연구, 생태와 환경, 지역 이해, 사회과제 연구, 공간 정보,구축, 공간 정보 융합 서비스, 빅데이터 분석, 인간과 환경, 환경 보전",72.2,73.6,70.0
120,도자기공예과,"공예도자, 기초도자, 도자개론, 입체조형, 제품도자","미술 이론, 미술사, 드로잉 미술 전공 실기, 디자인 일반, 시각디자인, 색체 관리",64.2,67.8,63.6
121,도자기공예학과,"도자재료 및 기법, 유약 및 소성실험, 장식도자, 도조, 도자형태디자인","미술 이론, 미술사, 드로잉, 미술 전공 실기, 디자인 일반, 시각 디자인, 색채 관리",64.2,67.8,63.6
122,독어독문학과,"독문법특강, 독어발달사, 독일문학사, 번역연습, 생활독어회화","전공기초 독일어, 독일어 회화, 독일어권 문화, 국제 관계와 국제 기구, 국제 경제, 국제 정치, 지역 이해, 사회과제 연구",60.9,62.1,60.3
124,독일학과,"독일의 사회상, 독일의 사회와 문화, 독일의 정신문화, 독일의 정치문화, 유럽통합과 독일","국제 정치, 국제 경제, 국제법, 지역 이해, 비교 문화, 세계 문제와 미래 사회, 국제 관계와 국제기구, 현대 세계의 변화, 사회 탐구 방법 및 사회과제 연구, 커뮤니케이션, 비즈니스 영어",59.1,61.0,58.0
126,동물자원학과,"영양학, 동물육종학, 동물생화학, 동물생리학, 동물생명과학","고급 생명과학, 생명과학 실험, 물리화학 실험, 융합과학 탐구, 정보과학, 과학과제 연구, 생명공학 기술, 동물 지원, 반려동물 관리, 실험동물과 기타 가축, 종축, 사료생산",65.0,68.3,60.4
127,기타아시아어학과,"중앙아시아학입문, 중앙아시아사, 중앙아시아어, 중앙아시아 정치이슈, 알타이 언어와 문화","전공기초 아시아어, 아시아어 회화, 아이사어 독해와 작문, 아시아 문화",67.0,66.5,67.3
128,동양화과,"문인화, 수묵화기법, 채색화기법, 동양미학, 동양화재료연구, 서예","미술 이론, 미술사, 드로잉 미술 전공 실기, 디자인 일반, 시각디자인, 색체 관리",61.3,64.0,60.7
131,유럽ᆞ기타어과,"러시아어문장론, 러시아어작문, 시청각러시아어, 실용 프랑스어 회화, 프랑스어ᆞ영어 문장비교","전공기초 프랑스어, 프랑스어 회화, 프랑스어권 문화, 국제 관계와 국제기구, 국제 경제, 국제 정치, 지역 이해. 사회과제 연구, 서양 조리",68.4,66.7,68.8
132,러시아어문학과,"러시아문학 배경론, 러시아문학비평론, 러시아문화의이해, 러시아어어원탐구, 러시아어음성학","전공기초 러시아어, 러시아어 회화, 러시아 문학, 러시아어 독해와 작문, 국제 관계와 국제기구, 국제 경제, 국제 정치, 지역 이해, 사회과제 연구, 서양 조리",61.8,66.1,59.3
134,러시아학과,"러시아국제관계, 러시아사회와 문화, 러시아어, 러시아역사, 러시아정치경제","국제 정치, 국제 경제, 국제법, 지역 이해, 비교 문화, 세계 문제와 미래 사회, 국제 관계와 국제기구, 현대 세계의 변화, 사회 탐구 방법 및 사회과제 연구, 커뮤니케이션, 비즈니스 영어",59.1,61.0,58.0
135,레저스포츠과,"스포츠사회학, 운동생리학, 레저스포츠개론, 스포츠생리학, 스포츠심리학","스포츠 개론, 체육 지도법, 체육 전공 실기 기초, 체육 전공 실기 심화, 체육 전공 실기 응용, 인체 구조와 기능, 간호의 기초",72.0,73.6,68.9
140,레크리에이션과,"놀이지도, 레크리에이션원리, 유아활동지도, 레크관리론, 레크스포츠","스포츠 개론, 체육 지도법, 체육 전공 실기 기초, 체육 전공 실기 심화, 체육 전공 실기 응용, 인체 구조와 기능, 간호의 기초",72.0,73.6,68.9
143,마케팅경영과,"마케팅원론, 경영학원론, 마케팅관리, 마케팅조사, 유통관리","심화 수학I, 정보과학, 국제 경제, 세계 문제와 미래 사회, 사회 탐구 방법 및 사회과제 연구, 기업과 경영, 회계 정보 처리 시스템, 금융 일반, 마케팅과 광고, 창업 일반, 커뮤니케이션, 유통 관리",68.0,70.4,65.9
144,만화애니메이션학과,"만화기초, 애니메이션기초, 애니메이션제작기법, 시나리오연구, 단편만화창작, 3D컴퓨터모델링, 만화스토리텔링","미술 이론, 미술사, 드로잉, 미술 전공 실기, 디자인 일반, 시각 디자인, 색채 관리",67.9,65.3,68.9
148,멀티미디어과,"멀티미디어 개론, 컴퓨터그래픽, 프로그래밍언어, 모바일프로그래밍, UI/UX디자인","매체미술, 드로잉, 사진표현기법, 문학과 매체, 사회과제 연구, 영화 기술, 시나리오, 현대 세계의 변화, 미디어콘텐츠일반, 문화콘텐츠산업일반, 영상제작기초, 컴퓨터그래픽, 프로그래밍, 디지털 논리 회로, 디지털 이미지 재현",66.3,66.2,66.6
149,멀티미디어학과,"멀티미디어 개론, 멀티미디어 기획, 영상편집, 웹서버구축, 콘텐츠 편집기법","매체미술, 드로잉, 사진표현기법, 문학과 매체, 사회과제 연구, 영화 기술, 시나리오, 현대 세계의 변화, 미디어콘텐츠일반, 문화콘텐츠산업일반, 영상제작기초, 컴퓨터그래픽, 프로그래밍, 디지털 논리 회로, 디지털 이미지 재현",68.6,69.4,66.8
150,메이크업아티스트과,"뷰티색채, 기본메이크업, 기본피부 관리, 기본헤어커트, 특수 분장","미술 이론, 미술사, 드로잉 미술 전공 실기, 디자인 일반, 시각디자인, 색체 관리",69.5,71.5,69.3
151,메카트로닉스공학과,"공업역학, 기계구조해석 및 설계, 로보틱스, 센서공학, 제어공학","심화수학IᆞII, 고급 수학IᆞII, 고급 물리학, 물리학 실험, 고급 화학, 화학 실험, 정보과학, 융합과학탐구, 과학과제연구, 공업일반, 기계 제도, 기계 일반, 기계 제어 설계, 전자 회로, 산업용 전자 기기 소프트웨어 개발",75.4,76.2,68.7
152,메카트로닉스과,"컴퓨터구조개론, 로봇공학, 전자회로, 재료역학, 메카트로닉스개론","심화수학IᆞII, 고급 수학IᆞII, 고급 물리학, 물리학 실험, 고급 화학, 화학 실험, 정보과학, 융합과학탐구, 과학과제연구, 공업 일반, 기계 제도, 기계 일반, 기계 제어 설계, 전자 회로, 산업용 전자 기기 소프트웨어 개발",75.4,76.2,68.7
155,목조형가구학과,"가구재료연구, 공구기법과 조형, 목조형과 구조, 공예디자인사, 색채표현, 가구드로잉","미술 이론, 미술사, 드로잉, 미술 전공 실기, 디자인 일반, 시각 디자인, 색채 관리",64.2,67.8,63.6
158,무도학과,"경호론, 무도전공실기, 무도학개론, 운동처방론, 스포츠과학개론, 구급 및 안전관리","스포츠개론, 체육지도법, 체육 전공 실기 기초, 체육 전공 실기 심화, 체육 전공 실기 응용, 인체 구조와 기능, 간호의 기초",72.0,73.6,68.9
163,문예창작과,"문예사조, 소설창작실습, 소설창작특강, 시론특강, 편집실기","현대/고전문학 감상, 문예창작입문, 문학개론, 문학과 매체, 시/소설/극 창작, 미디어콘텐츠 일반, 커뮤니케이션, 마케팅과 광고, 영상제작 기초",61.1,67.4,60.0
164,문예창작학과,"문학 개론, 문학과 언어, 번역과 모국어, 한국 문학사, 현대 소설론","현대ᆞ고전 문학 감상, 문예 창작 입문, 문학 개론, 문학과 매체, 시ᆞ소설ᆞ극 창작, 미디어콘텐츠 일반, 커뮤니케이션, 마케팅과 광고, 영상 제작 기초",57.5,56.8,57.8
165,문헌정보과,"도서관정보센터경영, 문헌목록법, 문헌분류실습, 문헌정보학개론, 정보봉사론","사회탐구 방법, 사회과제 연구, 문학과 매체, 정보과학, 정보처리와 관리",56.3,54.3,56.7
166,문헌정보학과,"정부기록물관리, 도서관ᆞ정보센터경영, 독서 지도, 문헌보존법, 문헌정보학개론","사회탐구 방법, 사회과제 연구, 문학과 매체, 정보과학, 정보처리와 관리",58.8,56.6,59.8
167,문화관광과,"여행업실무, 관광마케팅, 관광법규, 관광학개론, 레저산업론, 관광사업론","정보과학, 생태와 환경, 지역 이해, 비교 문화, 세계 문제와 미래 사회, 사회 탐구 방법 및 사회과제 연구, 커뮤니케이션, 비즈니스 영어, 마케팅과 광고, 빅데이터 분석",67.5,69.6,67.0
169,문화재과,"문화유산해설, 문화재의 이해, 문화재조사법, 유물복원법, 유적 발굴조사법","사회탐구 방법, 사회과제 연구, 한국 사회의 이해, 비교 문화, 지역 이해, 문화콘텐츠 산업 일반",72.2,81.8,57.1
172,물류시스템공학과,"물류정보시스템, 물류정책론, 수송계획 및 실습, 물류영어, 국제운송론","심화수학IᆞII, 고급 수학IᆞII, 고급 물리학, 물리학 실험, 고급 화학, 화학 실험, 고급 생명과학, 생명과학 실험, 고급 지구과학, 지구과학 실험, 정보과학, 융합과학탐구, 과학과제연구, 생태와 환경, 지역 이해, 사회과제 연구, 환경 화학 기초, 인간과 환경, 환경 생태 관리, 수질 관리, 대기 관리, 폐기물 관리",75.2,77.6,69.7
177,물리학과,"양자광학, 양자역학, 역학, 열물리학, 입자물리학","고급물리학, 물리학 실험, 과학과제 연구, 융합과학 탐구, 심화수학I, 심화수학II, 고급수학I, 고급수학II, 정보과학",66.3,66.4,66.2
178,뮤지컬과,"기초신체훈련, 기초연기, 뮤지컬개론, 뮤지컬연기, 무대제작실습","음악이론, 음악사, 시창ᆞ청음, 음악 전공 실기, 음악 콘텐츠 제작",69.0,70.7,67.8
179,미국학과,"미국경제론, 미국문화사, 미국사회구조론, 미국정부론, 미국학개론","국제 정치, 국제 경제, 국제법, 지역 이해, 비교 문화, 세계 문제와 미래 사회, 국제 관계와 국제기구, 현대 세계의 변화, 사회 탐구 방법 및 사회과제 연구, 커뮤니케이션, 비즈니스 영어",59.1,61.0,58.0
181,미디어학과,"데이타베이스, 디지털미디어개론, 디지털영상연출, 방송콘텐츠기획, 미디어와 사회","지역 이해, 세계 문제와 미래 사회, 현대 세계의 변화, 사회 탐구 방법 및 사회과제 연구, 마케팅과 광고, 커뮤니케이션, 인간발달, 시각디자인, 미디어콘텐츠 일반, 빅데이터 분석",69.5,69.9,69.3
184,미술학과,"색채학, 수목화, 정밀묘사, 크로키, 조소","미술 이론, 미술사, 드로잉 미술 전공 실기, 디자인 일반, 시각디자인, 색체 관리",61.3,64.0,60.7
186,미용과,"염색과 탈색 이론 및 실습, 커트 이론 및 실습, 헤어디자인 이론 및 실습, 파마 이론 및 실습, 세트 드라이 이론 및 실습","미술 이론, 미술사, 드로잉 미술 전공 실기, 디자인 일반, 시각디자인, 색체 관리",69.5,71.5,69.3
190,바이오생명정보과,"동물세포배양 및 실험동물학, 분자세포생물학 및 실험, 생명공학 및 실험, 생명공학기기분석학, 바이오정보시스템","고급생명과학, 생명과학 실험, 과학과제 연구, 융합과학 탐구, 생태와 환경, 정보과학, 사회탐구 방법, 생명공학 기술, 인간과 환경",69.3,75.6,66.0
195,반도체학과,"반도체공학, 반도체물리학, 전자회로설계, 반도체공정, 반도체 공정실습","심화수학IᆞII, 고급 수학IᆞII, 고급 물리학, 물리학 실험, 고급 화학, 화학 실험, 정보과학, 융합과학탐구, 과학과제연구, 공업 일반, 반도체 개발, 프로그래밍, 자료구조",80.4,81.2,76.7
196,방사선과,"방사선학개론, 인체해부생리학, 방사선물리학, 방사선생물학, 진료영상기기관리학실습","고급화학 및 고급 생명과학, 화학실험 및 생명과학실험, 과학과제 연구, 인체 구조와 기능, 기초 간호 임상 실무, 보건 간호",77.2,72.5,79.0
199,방송영상과,"방송학개론, 영상연출론, 영화사, 디지털영상편집, 3D촬영","지역 이해, 세계 문제와 미래 사회, 현대 세계의 변화, 사회 탐구 방법 및 사회과제 연구, 커뮤니케이션, 미디어 콘텐츠 일반, 문화 콘텐츠 산업 일반, 영상 제작 기초, 방송 일반, 빅데이터 분석",72.2,76.8,69.1
200,방송제작과,"방송기획, 방송영상학개론, 스튜디오촬영실습, 영상디자인, 작품분석","지역 이해, 세계 문제와 미래 사회, 현대 세계의 변화, 사회 탐구 방법 및 사회과제 연구, 커뮤니케이션, 미디어 콘텐츠 일반, 문화 콘텐츠 산업 일반, 영상 제작 기초, 방송 일반, 빅데이터 분석",72.2,76.8,69.1
202,법률과,"민법, 행정법, 헌법, 형법, 법률실무, 법과사회","지역 이해, 세계 문제와 미래 사회, 현대 세계의 변화, 사회 탐구 방법 및 사회과제 연구, 인간 발달, 커뮤니케이션, 빅데이터 분석",62.7,61.2,63.9
203,법학과,"민법총칙, 상법총칙, 헌법, 형법총론, 형사소송법","지역 이해, 세계 문제와 미래 사회, 현대 세계의 변화, 사회 탐구 방법 및 사회과제 연구, 인간 발달, 커뮤니케이션, 빅데이터 분석",55.3,60.5,51.2
208,벤처창업학과,"중소벤처경영론, 마케팅, 경제원론, 경영학원론, 회계원리","심화 수학I, 정보과학, 국제 경제, 세계 문제와 미래 사회, 사회 탐구 방법 및 사회과제 연구, 기업과 경영, 회계 정보 처리 시스템, 금융 일반, 마케팅과 광고, 창업 일반, 커뮤니케이션, 유통 관리",68.5,70.3,66.6
210,보건관리학과,"공중보건학, 환경보건학, 보건교육론, 보건의료자료분석론, 보건관리학","정보과학, 과학 과제 연구, 정보 보호 관리, 정보 처리와 관리, 공중 보건, 인체 구조와 기능, 기초 간호 임상 실무, 보건간호",77.6,77.2,77.7
213,보건행정과,"보건행정학, 공중보건학개론, 병원통계, 의무기록학, 병원서비스매너","정보, 과학, 과학과제 연구, 정보 보호 관리, 정보 처리와 관리, 공중 보건, 인체 구조와 기능, 기초 간호 임상 실무, 보건 간호",77.2,72.5,79.0
214,보건행정학과,"병원재무관리론, 의료관계법규, 의무기록관리학, 환경보건학, 보건경제학","정보 과학, 과학 과제 연구, 정보 보호 관리, 정보 처리와 관리, 공중 보건, 인체 구조와 기능, 기초 간호 임상 실무, 보건 간호",58.7,61.7,55.8
215,보건환경과,"환경학개론, 환경보건정보, 수질오염개론, 대기오염공정실험, 상하수도공학","정보, 과학, 과학과제 연구, 정보 보호 관리, 정보 처리와 관리, 공중 보건, 인체 구조와 기능, 기초 간호 임상 실무, 보건 간호",77.2,72.5,79.0
216,보석감정과,"보석감정, 보석디자인, 보석학, 보석개론, 주얼리 캐드(CAD)","미술 이론, 미술사, 드로잉 미술 전공 실기, 디자인 일반, 시각디자인, 색체 관리",64.2,67.8,63.6
220,부동산과,"입지컨설팅론, 부동산 중개 및 마케팅론, 부동산 금융론, 부동산세제, 토지 정책론","지역 이해, 세계 문제와 미래 사회, 현대 세계의 변화, 사회 탐구 방법 및 사회과제 연구, 공간정보융합서비스, 빅데이터 분석, 인간과 환경, 환경 보전",68.0,70.4,65.9
221,부동산학과,"입지컨설팅론, 부동산 중개 및 마케팅론, 부동산 금융론, 부동산세제, 토지 정책론","지역 이해, 세계 문제와 미래 사회, 현대 세계의 변화, 사회 탐구 방법 및 사회과제 연구, 공간정보융합서비스, 빅데이터 분석, 인간과 환경, 환경 보전",68.5,70.3,66.6
226,불어불문학과,"근대불문학, 불문학의 이해, 불어구조의 이해, 불어음성학, 불정치ᆞ경제연구, 프랑스어회화","전공기초 프랑스어, 프랑스어 회화, 프랑스어권 문화, 국제 관계와 국제기구, 국제 경제, 국제 정치, 지역 이해. 사회과제 연구, 서양 조리",60.8,65.1,59.6
227,비서행정과,"사무문서작성, 비서학개론, 영문서작성, 사무회계, 행정학개론","국제 정치, 국제 경제, 국제법, 지역 이해, 비교 문화, 세계 문제와 미래 사회, 국제 관계와 국제기구, 현대 세계의 변화, 사회 탐구 방법 및 사회 과제 연구, 커뮤니케이션, 정보 처리와 관리 정보 보호 관리, 빅데이터 분석",73.7,76.1,73.4
228,비서행정학과,"비서문화론, 비서실무론, 비서학개론, 조직관리론, 인간관계론","국제 정치, 국제 경제, 국제법, 지역 이해, 비교 문화, 세계 문제와 미래 사회, 국제 관계와 국제기구, 현대 세계의 변화, 사회 탐구 방법 및 사회과제 연구, 커뮤니케이션, 정보처리와 관리, 정보 보호 관리, 빅데이터 분석",58.7,61.7,55.8
232,사진과,"사진사, 사진학개론, 기초사진, 사진촬영실습, 광고사진","미술 이론, 미술사, 드로잉 미술 전공 실기, 디자인 일반, 시각디자인, 색체 관리",67.9,65.3,68.9
234,사진영상학과,"기초영상, 사진미학, 영상편집, 포토저널리즘, 광고사진, 영상미디어","미술 이론, 미술사, 드로잉, 미술 전공 실기, 디자인 일반, 시각 디자인, 색채 관리",67.9,65.3,68.9
236,사학과,"동양고대사, 동양근대사, 동양중세사, 동양현대사, 사학개론","사회탐구 방법, 사회과제 연구, 한국 사회의 이해, 비교 문화, 지역 이해, 문화콘텐츠 산업 일반",56.9,57.2,56.6
239,사회복지과,"사회복지개론, 사회보장론, 사회복지실천기술론, 사회복지현장실습, 인간행동과 사회환경","지역 이해, 세계 문제와 미래 사회, 현대 세계의 변화, 사회 탐구 방법 및 사회과제 연구, 사무 행정, 인간 발달, 아동 복지, 복지 서비스의 기초, 대인 복지 서비스",69.1,71.2,68.2
240,사회복지학과,"사회복지개론, 사회복지정책론, 자원봉사론, 지역사회복지론, 사회복지법제","지역 이해, 세계 문제와 미래 사회, 현대 세계의 변화, 사회 탐구 방법 및 사회과제 연구, 사무 행정, 인간 발달, 아동 복지, 복지 서비스의 기초, 대인 복지 서비스",64.9,65.1,64.9
241,사회체육과,"스포츠사회학, 사회체육론, 스포츠경영학, 스포츠심리학, 스포츠영양학","스포츠 개론, 체육 지도법, 체육 전공 실기 기초, 체육 전공 실기 심화, 체육 전공 실기 응용, 인체 구조와 기능, 간호의 기초",72.0,73.6,68.9
242,사회체육학과,"사회체육지도론, 스포츠 의학, 스포츠심리학, 운동생리학, 스포츠심리학, 운동생리학","스포츠 개론, 체육 지도법, 체육 전공 실기 기초, 체육 전공 실기 심화, 체육 전공 실기 응용, 인체 구조와 기능, 간호의 기초",72.0,73.6,68.9
243,사회학과,"경제사회학, 노동사회학, 문화사회학, 사회통계론, 사회조사분석론","국제 경제, 국제법, 지역 이해, 한국 사회의 이해, 비교 문화, 세계 문제와 미래 사회, 국제 관계와 국제기구, 현대 세계의 변화, 사회 탐구 방법 및 사회과제 연구, 커뮤니케이션, 복지 서비스의 기초, 문화 콘텐츠 산업 일반, 빅테이터 분석",58.1,60.4,56.7
245,산림자원학과,"산림문화사, 산림생태학, 산림경영학, 산림이용학, 산림경제학","고급 생명과학, 생명과학 실험, 물리화학 실험, 융합과학 탐구, 과학과제 연구, 생태와 환경, 산림 자원, 산림 휴양, 인간과 환경, 환경화학 기초",59.6,63.4,56.4
246,산업경영과,"산업심리학, 생산운영론, 물류관리론, 산업경영공학개론, 산업회계원론","심화 수학I, 정보과학, 국제 경제, 세계 문제와 미래 사회, 사회 탐구 방법 및 사회과제 연구, 기업과 경영, 회계 정보 처리 시스템, 금융 일반, 마케팅과 광고, 창업 일반, 커뮤니케이션, 유통 관리",68.0,70.4,65.9
247,산업경영학과,"산업심리학, 생산운영론, 물류관리론, 산업경영공학개론, 산업회계원론","심화 수학I, 정보과학, 국제 경제, 세계 문제와 미래 사회, 사회 탐구 방법 및 사회과제 연구, 기업과 경영, 회계 정보 처리 시스템, 금융 일반, 마케팅과 광고, 창업 일반, 커뮤니케이션, 유통 관리",68.5,70.3,66.6
250,산업공학과,"기계공작법, 기술경영, 물류공학, 생산계획, 안전공학","심화수학IᆞII, 고급 수학IᆞII, 고급 물리학, 물리학 실험, 고급 화학, 화학 실험, 정보과학, 융합과학탐구, 과학과제 연구, 생태와 환경, 지역 이해, 세계 문제와 미래 사회, 사회 탐구 방법, 사회과제 연구, 공업 일반, 기업과 경영, 프로그래밍, 빅데이터 분석",76.2,77.1,73.7
252,산업디자인과,"디자인론, 제품디자인, 컴퓨터그래픽, 광고디자인, 색채학","미술 이론, 미술사, 드로잉 미술 전공 실기, 디자인 일반, 시각디자인, 색체 관리",70.1,71.9,69.1
253,산업디자인학과,"디자인론, 공업디자인, 제품디자인, 인간공학","미술 이론, 미술사, 드로잉, 미술 전공 실기, 디자인 일반, 시각 디자인, 색채 관리",70.1,71.9,69.1
255,산업안전과,"산업안전관리, 산업안전보건법, 설비관리, 산업환기, 안전품질관리","심화수학IᆞII, 고급 수학IᆞII, 고급 물리학, 물리학 실험, 고급 화학, 화학 실험, 고급 생명과학, 생명과학 실험, 정보과학, 융합과학 탐구, 과학과제연구, 생태와 환경, 환경 화학 기초, 산업 안전 보건 기초",77.2,72.5,79.0
257,사회복지상담과,"상담심리이론, 사회복지개론, 상담심리학, 아동상담, 사회복지실천기술론","지역 이해, 세계 문제와 미래 사회, 현대 세계의 변화, 사회 탐구 방법 및 사회과제 연구, 사무 행정, 인간 발달, 아동 복지, 복지 서비스의 기초, 대인 복지 서비스",69.1,71.2,68.2
260,생명공학과,"미생물학, 분자생물공학, 분자유전학, 생물공정공학, 생물통계학","심화수학IᆞII, 고급 수학IᆞII, 고급 화학, 화학 실험, 고급 생명과학, 생명과학 실험, 정보과학, 융합과학탐구, 과학과제연구, 생태와 환경, 인간과 환경",65.9,69.3,63.0
261,생명과학과,"세포생물학, 식물분류학 및 실험, 유전학, 일반생태학 및 실험, 동물형태학 및 실험","고급 생명과학, 생명과학 실험, 과학과제연구, 융합과학 탐구, 생태와 환경, 정보과학, 사회탐구 방법, 생명공학 기술, 인간과 환경",65.9,69.3,63.0
265,생물학과,"미생물학 및 실험, 생태학 및 실험, 세포막생화학, 유전학, 자원식물학","고급 생명과학, 생명과학 실험, 과학과제연구, 융합과학 탐구, 생태와 환경, 정보과학, 사회탐구 방법, 생명공학 기술, 인간과 환경",62.3,63.9,60.6
267,생화학과,"생화학, 생화학실험, 세포생화학, 발생생화학","고급 생명과학, 생명과학 실험, 과학과제연구, 융합과학 탐구, 생태와 환경, 정보과학, 사회탐구 방법, 생명공학 기술, 인간과 환경",62.3,63.9,60.6
272,서양화과,"드로잉, 미술해부학, 서양미술사, 서양화, 회화기법연구, 소재와 표현","미술 이론, 미술사, 드로잉 미술 전공 실기, 디자인 일반, 시각디자인, 색체 관리",61.3,64.0,60.7
279,섬유공학과,"섬유재료학, 섬유가공학, 염색학, 섬유와 패션, 합성섬유","심화수학IᆞII, 고급 수학IᆞII, 고급 물리학, 물리학 실험, 고급 화학, 화학 실험, 고급 생명과학, 생명과학 실험,생태와 환경, 과학과제연구, 공업 일반, 화학 일반, 재료 일반, 석유화학 제품",66.8,68.6,64.4
281,섬유디자인과,"섬유소재, 소재개발, 직물염색, 섬유생산 공정, 텍스타일디자인","심화수학IᆞII, 고급 수학IᆞII, 고급 물리학, 물리학 실험, 고급 화학, 화학 실험, 고급 생명과학, 생명과학 실험, 생태와 환경, 과학과제연구, 공업 일반, 화학 일반, 재료 일반, 석유화학 제품",69.9,81.3,64.8
282,섬유디자인학과,"섬유디자인론, 섬유패션디자인, 직조, 텍스타일마케팅, 텍스타일디자인, 섬유소재분석론","미술 이론, 미술사, 드로잉, 미술 전공 실기, 디자인 일반, 시각 디자인, 색채 관리",68.8,71.0,67.5
285,세라믹공학과,"세라믹기초학, 결정학, 바이오 재료, 박막공학, 반도체 소재","심화수학IᆞII, 고급 수학IᆞII, 고급 물리학, 물리학 실험, 고급 화학, 화학 실험, 정보과학, 융합과학탐구, 과학과제연구, 공업 일반, 반도체 개발, 프로그래밍, 자료구조",80.4,81.2,76.7
286,세무학과,"비교조세법, 세무영어, 세무회계, 세법총론, 세무학개론","심화 수학I, 정보과학, 국제 경제, 국제법, 지역 이해, 세계 문제와 미래 사회, 국제 관계와 국제기구, 사회 탐구 방법 및 사회과제 연구, 회계 원리, 세무 일반, 금융 일반, 보험 일반, 예산ᆞ자금, 무역 금융 업무",63.1,64.7,61.8
287,세무회계과,"세무회계, 회계원리, 원가회계, 세법개론, 전산회계실무","심화 수학I, 정보과학, 국제 경제, 국제법, 지역 이해, 세계 문제와 미래 사회, 국제 관계와 국제기구, 사회 탐구 방법 및 사회과제 연구, 회계 원리, 세무 일반, 금융 일반, 보험 일반, 예산ᆞ자금, 무역 금융 업무",61.5,58.3,63.0
288,소방안전관리과,"소방학개론, 소방안전관리론, 소방기계시스템설계론, 소방훈련실무, 위험물질론","심화수학IᆞII, 고급 수학IᆞII, 고급 물리학, 물리학 실험, 고급 화학, 화학 실험, 고급 생명과학, 생명과학 실험, 정보과학, 융합과학 탐구, 과학과제연구, 생태와 환경, 환경 화학 기초, 산업 안전 보건 기초",77.2,72.5,79.0
290,소프트웨어공학과,"소프트웨어 공학, 시스템 프로그래밍, 자료구조, 알고리즘, 프로그래밍","심화수학IᆞII, 고급 수학IᆞII, 고급 물리학, 물리학 실험, 정보과학, 융합과학탐구, 과학과제연구, 지역 이해,, 사회탐구 방법, 사회과제 연구, 프로그래밍, 자료구조, 빅데이터 분석, 사물 인터넷 서비스 기획",69.3,69.5,69.0
296,수의학과,"실험동물의학, 수의내과학, 수의미생물학, 수의병리학, 수의산과학","고급 화학 및 고급 생명과학, 화학실험 및 생명과학 실험, 과학과제 연구, 수의 보조, 애완동물 미용",87.0,88.9,84.8
298,수학과,"기하학, 대수학, 수치해석, 수학사, 해석학","심화수학I, 심화수학II, 고급수학I, 고급수학II, 정보과학, 정보처리와 관리",63.1,64.8,60.8
303,스페인어학과,"스페인어 작문, 초급 스페인어 강독, 통상무역 스페인어, 라틴아메리카 역사와 문화, 라틴아메리카 문학, 스페인어 번역 및 통역","전공기초 스페인어, 스페인어 회화, 스페인어 독해와 작문, 스페인어권 문화, 지역 이해, 사회과제 연구, 서양 조리",58.9,59.4,58.8
304,스포츠마케팅학과,"스포츠마케팅, 스포츠와 법, 스포츠경영론, 스포츠산업론, 스포츠와대중매체","심화 수학I, 정보과학, 국제 경제, 세계 문제와 미래 사회, 사회 탐구 방법 및 사회과제 연구, 기업과 경영, 회계 정보 처리 시스템, 금융 일반, 마케팅과 광고, 창업 일반, 커뮤니케이션, 유통 관리",68.5,70.3,66.6
306,스포츠건강관리학과,"스포츠의학, 재활의학, 운동생화학, 운동생리학, 보건교육학, 건강교육","스포츠 개론, 체육 지도법, 체육 전공 실기 기초, 체육 전공 실기 심화, 체육 전공 실기 응용, 인체 구조와 기능, 간호의 기초",72.0,73.6,68.9
307,스포츠지도학과,"스포츠심리학, 스포츠사회학, 스포츠지도론, 스포츠마케팅, 스포츠재활, 스포츠행정관리","스포츠 개론, 체육 지도법, 체육 전공 실기 기초, 체육 전공 실기 심화, 체육 전공 실기 응용, 인체 구조와 기능, 간호의 기초",72.0,73.6,68.9
308,시각디자인과,"그래픽디자인, 광고디자인, 시각디자인실습, 일러스트레이션, 타이포그래피","미술 이론, 미술사, 드로잉 미술 전공 실기, 디자인 일반, 시각디자인, 색체 관리",67.9,67.1,68.1
309,시각디자인학과,"기초조형, 디자인 드로잉, 시각디자인, 타이포그라피, 컴퓨터 표현기법","미술 이론, 미술사, 드로잉, 미술 전공 실기, 디자인 일반, 시각 디자인, 색채 관리",67.9,67.1,68.1
310,시스템경영공학과,"품질경영공학, 시스템운영관리, 시스템설계, 생산정보시스템, 제품계획론, 기술관리","심화수학IᆞII, 고급 수학IᆞII, 고급 물리학, 물리학 실험, 고급 화학, 화학 실험, 정보과학, 융합과학탐구, 과학과제연구, 생태와 환경, 지역 이해, 세계 문제와 미래 사회, 사회 탐구 방법, 사회과제 연구, 공업일반, 기업과 경영, 프로그래밍. 빅데이터 분석",76.2,77.1,73.7
311,시스템공학과,"제조시스템 입문, 정보시스템분석 및 설계, 시스템소프트웨어론, 컴퓨터응용 제품디자인, 선형대수학, 알고리즘분석","심화수학IᆞII, 고급 수학IᆞII, 고급 물리학, 물리학 실험, 고급 화학, 화학 실험, 정보과학, 융합과학탐구, 과학과제연구, 생태와 환경, 지역 이해, 세계 문제와 미래 사회, 사회 탐구 방법, 사회과제 연구, 공업일반, 기업과 경영, 프로그래밍. 빅데이터 분석",76.2,77.1,73.7
313,식품가공과,"식품화학, 식품영양학, 식품저장학, 식품위생학, 식품재료학, 식품공학","심화수학IᆞII, 고급 수학IᆞII, 고급 화학, 화학 실험, 고급 생명과학, 생명과학실험, 융합과학탐구, 과학과제연구, 생태와 환경, 지역 이해, 세계 문제와 미래 사회, 사회과제 연구, 식품과학, 식품 위생, 식품 분석, 식품 품질 관리",69.4,71.9,67.4
314,식품공학과,"식품분석화학, 식품재료학, 유기화학, 제품개발론, 농, 축산식품가공학","심화수학I,II, 고급수학I,II, 고급 화학, 화학 실험, 고급 생명과학, 생명과학실험, 융합과학탐구, 과학과제연구, 생태와 환경, 지역 이해, 세계 문제와 미래 사회, 사회과제 연구, 식품 과학, 식품 위생, 식품 분석, 식품 품질 관리",66.9,72.0,64.7
317,식품영양과,"식품학, 영양학, 식품분석실험, 영양교육, 영양생화학, 식품화학","생명과학실험, 물리/화학 실험, 융합과학 탐구, 과학과제 연구, 식품과 영양, 식품위생, 급식관리, 식품과학, 식품분석",69.4,71.9,67.4
318,식품영양학과,"기초영양학, 식품가공학, 식품미생물학, 식품학, 영양생리학","생명과학실험, 물리/화학 실험, 융합과학 탐구, 과학 과제 연구, 식품과 영양, 식품위생, 급식관리, 식품과학, 식품분석",66.9,72.0,64.7
320,식품조리과,"식품학, 식품재료이용학, 현장실습, 식품위생학 및 법규, 서양조리실습, 한국조리실습","생명과학실험, 물리/화학 실험, 융합과학 탐구, 과학과제 연구, 식품과 영양, 식품위생, 급식관리, 식품과학, 식품분석",69.4,71.9,67.4
322,신문방송학과,"매스컴원론, 취재보도론, 언론윤리, 방송저널리즘, 언론법","지역 이해, 세계 문제와 미래 사회, 현대 세계의 변화, 사회 탐구 방법 및 사회과제 연구, 커뮤니케이션, 미디어 콘텐츠 일반, 문화 콘텐츠 산업 일반, 영상 제작 기초, 방송 일반, 빅데이터 분석",69.5,69.9,69.3
324,신소재공학과,"재료 과학, 세라믹스개론, 전자재료개론, 무기 재료 공학, 첨단소재공학","심화수학IᆞII, 고급 수학IᆞII, 고급 물리학, 물리학 실험, 고급 화학, 화학 실험, 고급 생명과학, 생명과학 실험, 생태와 환경, 정보과학, 과학과제 연구, 재료 시험, 재료 일반, 산업 설비, 프로그래밍",72.6,74.7,67.8
325,신소재응용과,"고분자공학, 신소재분석화학, 생화학, 시스템공학, 유기화학","심화수학IᆞII, 고급 수학IᆞII, 고급 물리학, 물리학 실험, 고급 화학, 화학 실험, 고급 생명과학, 생명과학 실험, 생태와 환경, 정보과학, 과학과제연구, 재료 시험, 재료 일반, 산업 설비, 프로그래밍",77.8,78.4,70.0
330,심리학과,"사회심리, 생리심리, 성격심리, 심리조사법, 인지심리","사회 탐구 방법 및 사회과제 연구, 인간 발달, 빅데이터 분석",60.9,60.7,61.0
332,아동복지과,"아동복지론, 유아사회교육, 사회복지개론, 아동미술, 언어지도","지역 이해, 세계 문제와 미래 사회, 사회 탐구 방법 및 사회과제 연구, 인간 발달, 아동복지, 생활서비스 산업의 이해, 복지 서비스의 기초",69.1,71.2,68.2
333,아동복지학과,"가족관계, 아동복지론, 아동언어와 문학, 인간발달과 교육, 보육학개론","지역 이해, 세계 문제와 미래 사회, 사회 탐구 방법 및 사회과제 연구, 인간 발달, 아동 복지, 생활서비스 산업의 이해, 복지 서비스의 기초",64.9,65.1,64.9
334,아동학과,"아동관찰, 아동문학, 아동임상심리, 아동발달, 아동문학","지역 이해, 세계 문제와 미래 사회, 현대 세계의 변화, 사회 탐구 방법 및 사회과제 연구, 인간 발달, 아동 복지, 영유아 건강, 안전, 영양 지도, 복지 서비스의 기초",64.9,65.1,64.9
336,아프리카어과,"스와힐리담화형태론, 스와힐리어휘론, 아프리카언어분류, 아프리카역사비교언어학, 아프리카인류 언어학","전공기초 프랑스어, 프랑스어 회화, 프랑스어권 문화, 국제 관계와 국제기구, 국제 경제, 국제 정치, 지역 이해. 사회과제 연구, 서양 조리",61.6,62.5,61.1
337,안경광학과,"안경학, 안과학, 조제 및 가공, 안광학, 기하광학","고급 화학, 화학 실험, 고급 생명과학, 생명과학 실험, 과학과제 연구, 인체 구조와 기능, 기초 간호 임상 실무, 보건 간호, 광학 재료",71.8,73.3,68.9
338,안전공학과,"안전공학개론, 안전관리론, 산업안전보건법규, 건설안전공학, 전기안전공학","심화수학IᆞII, 고급 수학IᆞII, 고급 물리학, 물리학 실험, 고급 화학, 화학 실험, 고급 생명과학, 생명과학 실험, 고급 지구과학, 지구과학 실험, 정보과학, 융합과학탐구, 과학과제연구, 생태와 환경, 지역 이해, 사회과제 연구, 환경 화학 기초, 인간과 환경, 환경 생태 관리, 수질 관리, 대기 관리, 폐기물 관리",75.2,77.6,69.7
339,애니메이션과,"기초드로잉, 영상애니메이션기초, 3D기초그래픽, 콘텐츠기획, 모션그래픽","미술 이론, 미술사, 드로잉 미술 전공 실기, 디자인 일반, 시각디자인, 색체 관리",67.9,65.3,68.9
340,반려동물과,"동물해부생리학, 애완동물영양학, 동물간호학, 애완동물훈련, 동물질병학","고급생명과학, 생명과학 실험, 과학과제 연구, 융합과학 탐구, 생태와 환경, 정보과학, 사회탐구 방법, 생명공학 기술, 인간과 환경",69.3,75.6,66.0
342,해양생명과학과,"무척추동물생태학, 해양생물학, 어류생태학, 해양생물육종학, 수산학 개론","고급 생명과학, 생명과학 실험, 과학과제연구, 융합과학 탐구, 생태와 환경, 정보과학, 사회탐구 방법, 생명공학 기술, 인간과 환경",65.9,69.3,63.0
344,언론홍보학과,"방송학개론, PR론, 디지털미디어 이론, 광고기획론, 저널리즘이론","지역 이해, 세계 문제와 미래 사회, 현대 세계의 변화, 사회 탐구 방법 및 사회과제 연구, 커뮤니케이션, 정보처리와 관리, 방송 일반, 빅데이터 분석",72.6,74.6,71.5
345,언어과학과,"어휘론, 언어와 정보, 언어와 커뮤니케이션, 언어의 이해, 인간과 기호, 언어와 논리","문장론, 문학과 매체, 매체 미술, 정보 과학, 시각 디자인, 정보 처리와 관리",59.0,61.6,57.4
351,연극영화과,"연극개론, 영화개론, 연극미학, 소리훈련, 연극제작","음악이론, 음악사, 시창ᆞ청음, 음악 전공 실기, 음악 콘텐츠 제작",69.0,70.7,67.8
352,연극영화학과,"무대미술의이해, 뮤지컬양식론, 영화사, 영화작가론, 즉흥연기, 희곡분석","음악이론, 음악사, 시창ᆞ청음, 음악 전공 실기, 음악 콘텐츠 제작",69.0,70.7,67.8
354,방송연예과,"영상연기분석기초, 연기론, 호흡과발성, 신체와표현, 작품 및 감독연구","음악이론, 음악사, 시창ᆞ청음, 음악 전공 실기, 음악 콘텐츠 제작",69.0,70.7,67.8
360,미디어영상학과,"디지털 애니메이션, 애니메이션 스튜디오, 영상편집, 컴퓨터 커뮤니케이션기법, 평면조형","미술 이론, 미술사, 드로잉, 미술 전공 실기, 디자인 일반, 시각 디자인, 색채 관리",69.7,71.8,68.9
361,영상콘텐츠과,"멀티미디어개론, 영상분석 및 촬영, 방송영상기획, 디지털영상편집기초, 디지털영상편집실무","미술 이론, 미술사, 드로잉 미술 전공 실기, 디자인 일반, 시각디자인, 색체 관리",69.7,71.8,68.9
362,영상제작과,"TV제작 기본실습, 방송문장론, 영상편집이론, 현장촬영, 방송기술개론","미술 이론, 미술사, 드로잉 미술 전공 실기, 디자인 일반, 시각디자인, 색체 관리",69.7,71.8,68.9
364,영어과,"비즈니스영어, 스피치, 영어강독, 영작문, 영한번역","심화 영어, 심화 영어 회화, 심화 영어 독해, 심화 영어 작문",59.2,55.2,60.6
366,영어영문학과,"영미문학사, 영미비평, 영미소설, 영어음성학, 영작문","심화 영어, 심화 영어 회화, 심화 영어 독해, 심화 영어 작문",61.4,63.4,60.5
367,영어학과,"언어학개론, 영문학사, 영미문화의 이해, 영어발달사, 영어실습","심화 영어, 심화 영어 회화, 심화 영어 독해, 심화 영어 작문",61.4,63.4,60.5
368,영화과,"영화사, 영화제작기초, 시나리오작법, 영화기술, 영화편집","음악이론, 음악사, 시창ᆞ청음, 음악 전공 실기, 음악 콘텐츠 제작",69.0,70.7,67.8
369,예술학과,"박물관학과 미술행정, 영상매체입문, 예술학사, 현대미학, 미술학개론, 서양미술사","미술 이론, 미술사, 드로잉, 미술 전공 실기, 디자인 일반, 시각 디자인, 색채 관리",69.7,71.8,68.9
373,국제학부,"국제관계학개론, 국제안보협력, 국제정치경제, 국제무역, 국제금융","국제 정치, 국제 경제, 국제법, 지역 이해, 비교 문화, 세계 문제와 미래 사회, 국제 관계와 국제기구, 현대 세계의 변화, 사회 탐구 방법 및 사회과제 연구, 커뮤니케이션, 비즈니스 영어",64.9,67.1,63.6
375,외식산업과,"외식산업개론, 식품위생관리, 메뉴개발실습, 식음료경영론, 식품구매 및 원가관리, 외식서비스마케팅","지역이해, 사회과제 연구, 사회탐구 방법, 융합과학 탐구, 생명과학/화학 실험, 과학 과제 연구, 회계원리, 창업 일반, 식품과 영양, 식품위생, 식품과학, 조리",68.0,70.4,65.9
376,외식산업학과,"서비스마케팅, 식품학개론, 외식조리실습, 외식주방관리론, 외식산업론","지역이해, 사회과제 연구, 사회탐구 방법, 융합과학 탐구, 생명과학/화학 실험, 과학 과제 연구, 회계원리, 창업 일반, 식품과 영양, 식품위생, 식품과학, 조리",68.5,70.3,66.6
377,외식조리과,"고급서양조리, 고급중식조리, 일식조리, 한식조리, 외식사업실무, 기초영양학","생명과학실험, 물리/화학 실험, 융합과학 탐구, 과학과제 연구, 식품과 영양, 식품위생, 급식관리, 식품과학, 식품분석",69.4,71.9,67.4
380,우주과학과,"로켓 시스템, 우주천체물리학, 원격 탐사, 천체역학, 태양계탐사","심화 수학I,II, 고급 수학I,II, 고급 물리학, 물리학 실험, 고급 화학, 화학 실험, 고급 지구과학, 지구과학 실험, 정보과학, 융합과학탐구, 과학과제연구, 공업 일반, 기계 일반, 기계 제도, 항공기 일반, 항공기 실무 기초, 항공기 기체 제작, 프로그래밍, 자료구조",62.3,69.0,52.5
382,원예과,"시설원예원론 및 실습, 유전육종학 및 실험, 재배학원론 및 실습, 종묘생산학 및 실습, 채소원예학 및 실습, 화훼디자인","고급 생명과학, 생명과학 실험, 물리화학 실험, 융합과학 탐구, 과학 과제 연구, 생태와 환경, 정보과학, 임산 가공, 제조화학, 생명공학 기술, 산림 자원",77.8,81.9,74.9
383,원예학과,"시설원예학, 식물영양및비료, 원예작물생리학, 원예학범론, 조경학원론","고급 생명과학, 생명과학 실험, 물리화학 실험, 융합과학 탐구, 과학 과제연구, 생태와 환경, 정보과학, 임산 가공, 제조화학, 생명공학 기술, 산림자원",59.6,63.4,56.4
384,원자력공학과,"원자력공학 개론, 핵공학개론, 원자로이론, 방사선공학, 원자 및 핵물리","심화수학IᆞII, 고급 수학IᆞII, 고급 물리학, 물리학 실험, 고급 화학, 화학 실험, 정보과학, 융합과학탐구, 과학과제연구, 생태와 환경, 세계문제와 미래 사회, 공업 일반, 원자력 발전 설비 운용, 프로그래밍",70.0,71.0,67.6
386,그래픽디자인과,"그래픽디자인, 편집디자인, 웹그래픽, 색채학, 타이포그래피","미술 이론, 미술사, 드로잉 미술 전공 실기, 디자인 일반, 시각디자인, 색체 관리",68.8,71.0,67.5
389,기타유럽어학과,"이탈리아 언어학개론, 포르투갈어 이해, 브라질 역사, 포르투갈 역사, 초급 폴란드어 회화, 실용헝가리어","전공기초 프랑스어, 프랑스어 회화, 프랑스어권 문화, 국제 관계와 국제기구, 국제 경제, 국제 정치, 지역 이해. 사회과제 연구, 서양 조리",63.9,73.3,59.1
392,유전공학과,"유전공학, 유전자론, 유전자조작론, 현대생물학연습, 분자생물학","심화수학IᆞII, 고급 수학IᆞII, 고급 물리학, 물리학 실험, 고급 생명과학, 생명과학 실험, 융합과학탐구, 과학과제연구, 생태와 환경, 공업 일반, 인간과 환경, 생명 공학 기술, 육종, 프로그래밍",65.9,69.3,63.0
393,유통경영과,"경영학원론, 소비자행동분석, 유통경제론, 마케팅원론, 유통관리, 데이터베이스","심화 수학I, 정보과학, 국제 경제, 세계 문제와 미래 사회, 사회 탐구 방법 및 사회과제 연구, 기업과 경영, 회계 정보 처리 시스템, 금융 일반, 마케팅과 광고, 창업 일반, 커뮤니케이션, 유통 관리",68.0,70.4,65.9
394,유통학과,"국제물류산업론, 유통론, 물류법규, 유통관리론, 무역업무론","심화 수학I, 정보과학, 국제 경제, 국제법, 지역 이해, 세계 문제와 미래 사회, 국제 관계와 국제기구, 사회 탐구 방법 및 사회과제 연구, 상업경제, 유통 일반, 국제 상무, 비즈니스 영어, 커뮤니케이션, 무역 금융 업무, 전자 상거래 일반, 수출입 관리, 원산지 관리",64.6,67.3,61.8
395,음악과,"음악사, 음악이론, 청음, 화성학, 합주","음악이론, 음악사, 시창ᆞ청음, 음악 전공 실기, 음악 콘텐츠 제작",65.8,67.3,64.7
396,음악학과,"대위법, 시창ᆞ청음, 합창, 화성법, 앙상블, 화성법","음악이론, 음악사, 시창ᆞ청음, 음악 전공 실기, 음악 콘텐츠 제작",60.2,68.6,58.0
398,음향제작과,"기초음향학, 스피커기초, 음향시스템, 무대음향, 영상음향제작","음악이론, 음악사, 시창ᆞ청음, 음악 전공 실기, 음악 콘텐츠 제작",75.3,79.8,69.5
399,응급구조과,"응급의학총론, 외상처치 및 실습, 인명구조, 외상응급처치학, 심전도개론","고급 생명과학, 생명과학 실험, 과학과제 연구, 체육 전공 실기 응용, 개인ᆞ대인 운동, 인체 구조와 기능, 기초 간호 임상 실무, 보건 간호",77.2,72.5,79.0
402,의료보장구과,"의지 및 보조기학 개론, 의지보조기학, 의학용어, 인체해부학, 재활기초공학","고급 화학, 화학 실험, 고급 생명과학, 생명과학 실험, 과학 과제 연구, 인체 구조와 기능, 기초 간호 임상 실무, 보건 간호",75.0,75.2,74.8
404,의료정보공학과,"인체생리학, 생체신호처리, 의료정보학개론, C 프로그래밍, 전기전자회로","정보 과학, 과학 과제 연구, 빅데이터 분석, 정보 보호 관리, 정보 처리와 관리",74.1,75.7,72.7
405,의료정보시스템과,"보건의료정보학, 의료관계법규, 의료기관시스템관리론, 의무기록관리학, 의료정보관리학","정보 과학, 과학 과제 연구, 빅데이터 분석, 정보 보호 관리, 정보 처리와 관리",69.4,70.9,68.9
407,의류ᆞ의상학과,"의류직물학, 창작의상, 패션드로잉, 패션마케팅, 패션CAD","사회과제 연구, 사회탐구 방법, 비교문화, 융합과학탐구, 화학실험, 과학과제연구, 현대 세계의 변화, 드로잉, 평면조형, 입체조형, 매체미술, 색채관리, 컴퓨터그래픽, 디자인일반",68.5,73.0,67.5
408,의무행정과,"병원관리개론, 보건의료행정, 병원기획, 병원자료관리, 병원통계, 의무기록관리학","정보 과학, 과학 과제 연구, 빅데이터 분석, 정보 보호 관리, 정보 처리와 관리",69.4,70.9,68.9
414,의용공학과,"의용프로그래밍, 기초임상의학, 의용디지털공학 및 실험, 전자회로, 의료기기설계 및 실습","고급 화학, 화학 실험, 고급 생명과학, 생명과학 실험, 과학과제 연구, 인체 구조와 기능, 기초 간호 임상 실무, 보건 간호",74.1,75.7,72.7
418,이벤트연출과,"관광학원론, 이벤트개론, 이벤트 세미나, 이벤트 실무론, 공연 기획","미술 이론, 미술사, 드로잉 미술 전공 실기, 디자인 일반, 시각디자인, 색체 관리",69.7,71.8,68.9
423,부사관과,"군사학개론, 군대윤리, 군법, 국가안보론, 북한학","지역 이해, 세계 문제와 미래 사회, 사회 탐구 방법 및 사회과제 연구, 정보과학, 커뮤니케이션, 정보 보호 관리, 빅데이터 분석",66.7,69.6,64.8
424,문화인류학과,"문화변동의 이해, 체질인류학, 고고학 연구방법, 박물관의 이해","지역 이해, 비교 문화, 세계 문제와 미래 사회, 현대 세계의 변화, 사회 탐구 방법 및 사회과제 연구, 문화콘텐츠 산업 일반, 빅데이터 분석",64.8,69.1,62.6
432,일본어과,"일본문화의이해, 일어강독, 일어문법, 일어작문, 일어회화","관광 일본어, 사회과제 연구, 사회문제 탐구, 전공기초 일본어, 관광 일본어, 일식 조리",48.3,52.8,45.6
434,일본학과,"동아세아 국제경제론, 일본경영론, 일본문화론, 일본사정, 일본사회구조론","국제 정치, 국제 경제, 국제법, 지역 이해, 비교 문화, 세계 문제와 미래 사회, 국제 관계와 국제기구, 현대 세계의 변화, 사회 탐구 방법 및 사회과제 연구, 커뮤니케이션, 비즈니스 영어",59.1,61.0,58.0
436,일어일문학과,"고급일본어문법, 고급일본어작문, 고급일본어회화, 일본현대소설입문, 초급일본어, 일본전통문화론","관광 일본어, 사회과제 연구, 사회문제 탐구, 전공기초 일본어, 관광 일본어, 일식 조리",54.2,54.5,54.0
437,임산공학과,"목재절삭, 목재해부학 및 실습, 목재화학, 임산공업역학, 임산학개론","고급 생명과학, 생명과학 실험, 물리화학 실험, 융합과학 탐구, 과학 과제연구, 생태와 환경, 정보과학, 임산 가공, 제조화학, 생명공학 기술, 산림자원",59.6,63.4,56.4
442,자동차공학과,"자동차공학기초, 자동차재료학, 동역학, 연소이론, 자동차기능학","심화수학IᆞII, 고급 수학IᆞII, 고급 물리학, 물리학 실험, 고급 화학, 화학 실험, 정보과학, 과학과제연구, 기계 제도, 자동차 일반, 자동차 기관, 자동차 전기ᆞ전자 제어, 자동차 엔진 정비, 자동차 차체 정비",71.5,71.4,73.2
443,자동차과,"자동차구조역학, 자동차새시, 자동차전기, 자동차전기이론, 재료역학","심화수학IᆞII, 고급 수학IᆞII, 고급 물리학, 물리학 실험, 고급 화학, 화학 실험, 정보과학, 과학과제연구, 기계 제도, 자동차 일반, 자동차 기관, 자동차 전기ᆞ전자 제어, 자동차 엔진 정비, 자동차 차체 정비",76.1,76.3,69.7
445,자동차정비과,"동차전자제어, 자동차정비실습, 자동차새시, 자동차고장진단, 디젤기관","심화수학IᆞII, 고급 수학IᆞII, 고급 물리학, 물리학 실험, 고급 화학, 화학 실험, 정보과학, 과학과제연구, 기계 제도, 자동차 일반, 자동차 기관, 자동차 전기ᆞ전자 제어, 자동차 엔진 정비, 자동차 차체 정비",76.1,76.3,69.7
448,에너지자원공학과,"에너지공학, 응용자원지질, 석유가스공학 및 실험, 자원처리공학, 신재생에너지","심화수학IᆞII, 고급 수학IᆞII, 고급 물리학, 물리학 실험, 고급 화학, 화학 실험, 생태와 환경, 과학과제연구, 공업 일반, 냉동 공조 설계, 프로그래밍",70.0,71.0,67.6
449,바이오동물과,"생명과학, 생물학실습, 실험동물학개론, 동물유전학, 생화학, 동물임상병리","고급생명과학, 생명과학 실험, 과학과제 연구, 융합과학 탐구, 생태와 환경, 정보과학, 사회탐구 방법, 생명공학 기술, 인간과 환경",69.3,75.6,66.0
450,식물자원학과,"농업기상학, 야생식물학, 약용식물학, 자원식물재배학, 환경농학","고급 생명과학, 생명과학 실험, 물리화학 실험, 융합과학 탐구, 정보과학, 과학 과제연구, 생태와 환경, 생명공학 기술, 인간과 환경, 환경 화학 기초, 친환경 농업, 농업 기초 기술",65.0,68.3,60.4
454,장례지도과,"장례심리학, 장례학개론, 장묘제도론, 회복기술학, 제례학개론, 장례식장경영론","지역 이해, 세계 문제와 미래 사회, 현대 세계의 변화, 사회 탐구 방법 및 사회과제 연구, 사무 행정, 인간 발달, 아동 복지, 복지 서비스의 기초, 대인 복지 서비스",69.1,71.2,68.2
456,재료공학과,"재료 과학, 유기재료 화학, 재료물리화학, 물리금속학, 재료 공정 제어","심화수학IᆞII, 고급 수학IᆞII, 고급 물리학, 물리학 실험, 고급 화학, 화학 실험, 과학과제 연구, 공업 일반, 금속 열처리, 금속 재료 가공",73.4,75.1,69.1
457,재료과,"금속제도, 신소재공학, 원형제작, 주조공학, 반도체공정","심화수학IᆞII, 고급 수학IᆞII, 고급 물리학, 물리학 실험, 고급 화학, 화학 실험, 과학과제연구, 공업 일반, 금속 열처리, 금속 재료 가공",74.9,75.6,50.0
459,전기공학과,"전기공학실험, 회로이론, 제어공학, 전자기학, 디지털회로","심화수학IᆞII, 고급 수학IᆞII, 고급 물리학, 물리학 실험, 고급 화학, 화학 실험, 정보과학, 융합과학탐구, 과학과제연구, 전기회로, 전기 기기, 전기 설비, 자동화 설비",63.3,63.6,61.2
460,전기ᆞ전자ᆞ통신공학교육과,"전기공학실험, 전기회로, 전자기학, 공업교육교과교육론, 전기이론교재연구","심화 수학IᆞII, 고급 수학IᆞII, 고급 물리학, 물리학 실험, 고급 화학, 화학 실험, 정보과학, 융합과학 탐구, 과학과제 연구, 전기 회로, 전기 기기, 전기 설비, 자동화 설비",57.8,58.7,57.0
461,전기과,"전기회로, 전기기기, 전력공학, 전기전자회로, 전기설비설계","심화수학IᆞII, 고급 수학IᆞII, 고급 물리학, 물리학 실험, 고급 화학, 화학 실험, 정보과학, 융합과학탐구, 과학과제연구, 전기 회로, 전기 기기, 전기 설비, 자동화 설비",73.4,73.2,79.0
463,전기전자공학과,"전기자기학, 전자회로, 디지털회로설계, 프로그래밍응용, 전기전자실험","심화수학IᆞII, 고급 수학IᆞII, 고급 물리학, 물리학 실험, 고급 화학, 화학 실험, 정보과학, 융합과학탐구, 과학과제연구, 전자 회로, 디지털 논리 회로, 산업용 전자 기기 소프트웨어 개발",71.5,71.9,69.9
464,전기전자과,"전력공학, 전자회로, 전지자기학, 계측 및 센서공학, 회로이론","심화수학IᆞII, 고급 수학IᆞII, 고급 물리학, 물리학 실험, 고급 화학, 화학 실험, 정보과학, 융합과학탐구, 과학과제연구, 전기 회로, 전기 기기, 전기 설비, 자동화 설비",71.0,71.3,67.6
465,전기제어공학과,"전기자기학, 디지털제어, 센서ᆞ계측공학, 마이크로프로세서공학, 전기전자재료","심화수학IᆞII, 고급 수학IᆞII, 고급 물리학, 물리학 실험, 고급 화학, 화학 실험, 정보과학, 융합과학탐구, 과학과제연구, 공업 일반, 기계 제어 설계, 기계 소프트웨어 개발, 프로그래밍, 사물 인터넷 서비스 기획",64.6,66.2,57.3
469,전자공학과,"디지털 통신, 물리전자공학, 신호 및 시스템, 컴퓨터프로그래밍, 회로이론","심화수학IᆞII, 고급 수학IᆞII, 고급 물리학, 물리학 실험, 고급 화학, 화학 실험, 정보과학, 융합과학탐구, 과학과제연구, 전자 회로, 디지털 논리 회로, 산업용 전자 기기 소프트웨어 개발",71.5,71.9,69.9
470,전자과,"회로이론, 전자회로, 전자기기 실험, 기초전자 실험, 디지털회로","심화수학IᆞII, 고급 수학IᆞII, 고급 물리학, 물리학 실험, 고급 화학, 화학 실험, 정보과학, 융합과학탐구, 과학과제연구, 전자 회로, 디지털 논리 회로, 산업용 전자 기기 소프트웨어 개발",71.0,71.3,67.6
471,디지털미디어과,"멀티미디어실습, 콘텐츠와 저작권, 취재보도실습, 뉴미디어출판, 이북제작","지역 이해, 세계 문제와 미래 사회, 현대 세계의 변화, 사회 탐구 방법 및 사회과제 연구, 커뮤니케이션, 미디어 콘텐츠 일반, 문화 콘텐츠 산업 일반, 영상 제작 기초, 방송 일반, 빅데이터 분석",72.2,76.8,69.1
479,전통조리과,"영양학, 향토음식 이론 및 실습, 한식조리실습, 궁중요리실습, 전통한과실습, 식품학","생명과학실험, 물리/화학 실험, 융합과학 탐구, 과학과제 연구, 식품과 영양, 식품위생, 급식관리, 식품과학, 식품분석",69.4,71.9,67.4
484,정밀화학과,"정밀화학, 정밀화학, 유기화학, 무기화학, 물리화학","고급화학, 화학 실험, 과학과제 연구, 융합과학 탐구, 정보과학, 심화수학I, 심화수학II, 고급수학I, 고급수학II, 환경화학 기초, 공업화학, 제조화학",67.3,70.8,64.4
486,인터넷정보학과,"컴퓨터 알고리즘, 멀티미디어 정보처리, 데이터베이스, 웹프로그래밍, 정보보호개론","심화수학IᆞII, 고급 수학IᆞII, 고급 물리학, 물리학 실험, 고급 화학, 화학 실험, 정보과학, 융합과학탐구, 과학과제연구, 생태와 환경, 지역 이해, 사회과제 연구, 정보처리와 관리, 프로그래밍, 자료구조, 네트워크 프로그래밍, 정보보호관리",72.2,73.0,70.2
488,정보보호학과,"논리회로, 이산수학, 인터넷 보안, 컴퓨터 네트워크, 보안관리","심화수학IᆞII, 고급 수학IᆞII, 고급 물리학, 물리학 실험, 고급 화학, 화학 실험, 정보과학, 융합과학탐구, 과학과제연구, 생태와 환경, 지역 이해, 사회과제 연구, 정보처리와 관리, 프로그래밍, 자료구조, 네트워크 프로그래밍, 정보보호관리",72.2,73.0,70.2
489,스마트정보과,"인터넷마케팅, 회계기본, 프로그래밍기초, 전자상거래 시스템, 사무행정","심화수학IᆞII, 고급 수학IᆞII, 고급 물리학, 물리학 실험, 고급 화학, 화학 실험, 정보과학, 융합과학탐구, 과학과제 연구, 생태와 환경, 지역 이해, 사회과제 연구, 정보처리와 관리, 프로그래밍, 자료구조, 네트워크 프로그래밍, 정보보호 관리",68.1,68.9,64.9
490,정보통신공학과,"정보통신공학개론, 정보통신수학, 지능형 시스템, 데이터구조론, 디지털논리설계","심화수학IᆞII, 고급 수학IᆞII, 고급 물리학, 물리학 실험, 고급 화학, 화학 실험, 정보과학, 융합과학탐구, 과학과제연구, 생태와 환경, 지역 이해, 사회과제 연구, 정보처리와 관리, 프로그래밍, 자료구조, 네트워크 프로그래밍, 정보보호관리",72.2,73.0,70.2
491,정보통신과,"정보통신개론, 정보통신기기, 디지털통신개론, 프로그래밍, 컴퓨터구조","심화수학IᆞII, 고급 수학IᆞII, 고급 물리학, 물리학 실험, 고급 화학, 화학 실험, 정보과학, 융합과학탐구, 과학과제 연구, 생태와 환경, 지역 이해, 사회과제 연구, 정보처리와 관리, 프로그래밍, 자료구조, 네트워크 프로그래밍, 정보보호 관리",68.1,68.9,64.9
492,정치외교학과,"외교정책론, 정치학개론, 한국외교론, 현대정치이론, 국제정치","국제 정치, 국제 경제, 국제법, 지역 이해, 비교 문화, 세계 문제와 미래 사회, 국제 관계와 국제기구, 현대 세계의 변화, 사회 탐구 방법 및 사회과제 연구, 커뮤니케이션",70.0,78.9,59.5
493,제과제빵과,"제과이론 및 실습, 제과제빵재료학, 제빵이론 및 실습, 케이크데코레이션, 식품학, 외식산업(제과점)창업 및 경영","생명과학실험, 물리/화학 실험, 융합과학 탐구, 과학과제 연구, 식품과 영양, 식품위생, 급식관리, 식품과학, 식품분석",69.4,71.9,67.4
494,제약공학과,"제약공학개론, 유기화학, 일반생물학, 약품분석화학, 생화학","심화수학IᆞII, 고급 수학IᆞII, 고급 화학, 화학 실험, 고급 생명과학, 생명과학 실험, 정보과학, 융합과학탐구, 과학과제연구, 생태와 환경, 인간과 환경",65.9,69.3,63.0
495,제어계측공학과,"제어계측개론, 계측공학, 공업역학, 동역학, 디지털 제어공학","심화수학IᆞII, 고급 수학IᆞII, 고급 물리학, 물리학 실험, 고급 화학, 화학 실험, 정보과학, 융합과학탐구, 과학과제연구, 공업 일반, 기계 제어 설계, 기계 소프트웨어 개발, 프로그래밍, 사물 인터넷 서비스 기획",64.6,66.2,57.3
496,제어계측과,"전기회로, 프로그래밍, 제어시스템, 공업수학, 전력전자","심화수학IᆞII, 고급 수학IᆞII, 고급 물리학, 물리학 실험, 고급 화학, 화학 실험, 정보과학, 융합과학탐구, 과학과제연구, 공업 일반, 기계 제어 설계, 기계 소프트웨어 개발, 프로그래밍, 사물 인터넷 서비스 기획",72.2,71.7,78.6
498,제지공학과,"제지유기화학, 종이도공학 및 실험, 종이 물성학 및 실험, 초지공학 및 실험, 산림생태학","심화수학IᆞII, 고급 수학IᆞII, 고급 물리학, 물리학 실험, 고급 화학, 화학 실험, 고급 생명과학, 생명과학 실험, 고급 지구과학, 지구과학 실험, 정보과학, 융합과학탐구, 과학과제연구, 생태와 환경, 지역 이해, 사회과제 연구, 환경 화학 기초, 인간과 환경, 환경 생태 관리, 수질 관리, 대기 관리, 폐기물 관리",75.2,77.6,69.7
499,제철금속과,"비철재료, 제선제강공학, 주조공학, 철강재료, 제철공학개론","심화수학IᆞII, 고급 수학IᆞII, 고급 물리학, 물리학 실험, 고급 화학, 화학 실험, 정보과학, 융합과학탐구, 과학과제연구, 공업 일반, 기계 제도, 기계 일반, 기계 제어 설계",74.9,75.6,50.0
500,제품디자인과,"제품디자인, 제품디자인 그래픽스, 컴퓨터그래픽, 컴퓨터응용제도 캐드(CAD), 3D모델링","미술 이론, 미술사, 드로잉 미술 전공 실기, 디자인 일반, 시각디자인, 색체 관리",68.8,71.0,67.5
502,조경과,"조경계획, 조경스케치연습, 조경재료, 조경관리, 정원설계","고급 지구과학, 지구과학 실험, 과학과제 연구, 융합과학 탐구, 정보과학, 인간과 환경, 조경, 조경식물 관리",81.9,84.1,79.4
503,조경학과,"공간환경학개론, 조경계획, 조경설계, 조경수목학, 조경시공","고급 지구과학, 지구과학 실험, 과학과제 연구, 융합과학 탐구, 정보과학, 조경, 조경식물 관리, 인간과 환경",62.1,63.8,60.2
504,조리과학과,"조리과학, 조리실무론, 레스토랑관리론, 외식산업론, 외식마케팅","생명과학실험, 물리/화학 실험, 융합과학 탐구, 과학 과제 연구, 식품과 영양, 식품위생, 급식관리, 식품과학, 식품분석",66.9,72.0,64.7
505,조선공학과,"조선공학설계입문, 응용유체역학, 선체구조해석, 선박저항추진론, 전산선박설계","심화수학IᆞII, 고급 수학IᆞII, 고급 물리학, 물리학 실험, 고급 화학, 화학 실험, 고급 지구과학, 지구과학 실험,, 정보과학, 융합과학탐구, 과학과제연구, 기계 제도, 기초 제도, 선박 구조, 선박 건조, 해양의 이해, 해양 정보 관리",80.2,83.1,68.1
507,조소학과,"미술재료학, 미술해부학, 소묘, 조각론, 현대조각론, 미술해부학, 조소","미술 이론, 미술사, 드로잉 미술 전공 실기, 디자인 일반, 시각디자인, 색체 관리",61.5,60.0,61.8
508,조형디자인학과,"관찰과 표현, 디자인론, 조형원리, 평면조형, 조형예술론","미술 이론, 미술사, 드로잉 미술 전공 실기, 디자인 일반, 시각디자인, 색체 관리",61.5,60.0,61.8
509,실용미술과,"기초드로잉, 서양미술사, 출판일러스트, 영상일러스트, 현대미술론","미술 이론, 미술사, 드로잉 미술 전공 실기, 디자인 일반, 시각디자인, 색체 관리",70.4,60.0,71.6
511,종교학과,"문화예술과 영성, 성서입문, 종교문화의 흐름, 종교학 입문, 한국종교사, 교회론","지역 이해, 비교 문화, 세계 문제와 미래 사회, 사회 탐구 방법 및 사회과제 연구, 빅데이터 분석",55.9,57.2,54.8
514,중국어과,"기초중국어정독, 기초중국어회화, 중국문화의 이해, 한중통역연습, 현대중국의 이해, 관광중국어","전공기초 중국어, 중국어 회화, 중국어 독해와 작문, 중국 문화, 사회과제 연구, 관광 중국어, 중국 조리",62.6,70.5,60.2
516,중국학과,"중국어청취, 중국어회화, 중국어작문, 중국어독해, 중국학개론","국제 정치, 국제 경제, 국제법, 지역 이해, 비교 문화, 세계 문제와 미래 사회, 국제 관계와 국제기구, 현대 세계의 변화, 사회 탐구 방법 및 사회과제 연구, 커뮤니케이션, 비즈니스 영어",59.1,61.0,58.0
520,중어중문학과,"경전강독, 제자백가선독, 중국문학사, 중국어, 중국의 이해","전공기초 중국어, 중국어 회화, 중국어 독해와 작문, 중국 문화, 사회과제 연구, 관광 중국어, 중국 조리",60.5,63.7,59.3
523,지구환경과학과,"지구환경과학, 지구의 이해, 기후학개론, 지구시스템진화, 바다의 탐구","고급 지구과학, 지구과학 실험, 과학과제 연구, 융합과학 탐구, 정보과학, 생태와 환경, 인간과 환경, 환경측정 관리",66.2,67.1,65.0
524,지구정보공학과,"공간정보공학입문, 도시 및 토지정보시스템, 원격탐사(RS), 지리정보시스템(GIS), 지구환경과학개론","고급 지구과학, 지구과학 실험, 과학과제 연구, 융합과학 탐구, 정보과학, 생태와 환경, 인간과 환경",66.2,67.1,65.0
525,지구해양과학과,"지구물리학 및 실험, 해양학, 해양조사장비실습, 지질해양학, 생물해양학 및 실험","심화수학IᆞII, 고급 수학IᆞII, 고급 물리학, 물리학 실험, 고급 화학, 화학 실험, 고급 지구과학, 지구과학 실험,, 정보과학, 융합과학탐구, 과학과제연구, 기계 제도, 기초 제도, 선박 구조, 선박 건조, 해양의 이해, 해양 정보 관리",80.2,83.1,68.1
529,지리학과,"지형학, 한국지역연구, 경제지리학, 세계지역연구, 지리정보시스템","지역 이해, 세계 문제와 미래 사회, 현대 세계의 변화, 사회 탐구 방법 및 사회과제 연구, 공간정보융합서비스, 빅데이터 분석, 인간과 환경, 환경 보전, 해양 환경과 자원",66.2,67.1,65.0
531,지방행정과,"지방자치행정론, 행정학개론, 지방재정실무, 지역개발론, 지방정부론","국제 정치, 국제 경제, 국제법, 지역 이해, 비교 문화, 세계 문제와 미래 사회, 국제 관계와 국제기구, 현대 세계의 변화, 사회 탐구 방법 및 사회 과제 연구, 커뮤니케이션, 정보 처리와 관리 정보 보호 관리, 빅데이터 분석",66.7,69.6,64.8
532,디지털콘텐츠학과,"디지털콘텐츠, 모바일프로그래밍, 디지털 영상, 디지털 게임 스토리텔링, 웹 콘텐츠 기획","매체미술, 드로잉, 사진표현기법, 문학과 매체, 사회과제 연구, 영화 기술, 시나리오, 현대 세계의 변화, 미디어콘텐츠일반, 문화콘텐츠산업일반, 영상제작기초, 컴퓨터그래픽, 프로그래밍, 디지털 논리 회로, 디지털 이미지 재현",68.6,69.4,66.8
533,지역개발학과,"지역사회개발론, 도시 및 지역경제론, 발전계획론, 지리정보체계론, 도시 및 지역계획법규","지역 이해, 세계 문제와 미래 사회, 현대 세계의 변화, 사회 탐구 방법 및 사회과제 연구, 공간정보융합서비스, 빅데이터 분석, 인간과 환경, 환경 보전",68.4,68.3,68.6
535,지적과,"지적법, 지적학, 도시계획, 지적행정실무, 측량수학, 지적 및 측량관계법규","고급 지구과학, 지구과학 실험, 과학과제 연구, 융합과학 탐구, 정보과학, 생태와 환경, 인간과 환경, 환경 측정 관리",61.2,62.5,58.8
536,지적학과,"지적CAD, 지적실무, 국토및도시계획, 토지정보체계론, 지적기초측량","고급 지구과학, 지구과학 실험, 과학과제 연구, 융합과학 탐구, 정보과학, 생태와 환경, 인간과 환경, 환경 측정 관리",66.2,67.1,65.0
537,지질학과,"광물학 및 실험, 자원지질학, 지하수학, 화석학 및 실험, 화성암석학 및 실험","고급 지구과학, 지구과학 실험, 과학과제 연구, 융합과학 탐구, 정보과학, 생태와 환경, 인간과 환경, 환경 측정 관리",66.2,67.1,65.0
540,창업경영과,"입지 및 상권분석, 창업사례연구, 창업절차실무, 경영학개론, 사업계획실무, 프렌차이즈경영론","심화 수학I, 정보과학, 국제 경제, 세계 문제와 미래 사회, 사회 탐구 방법 및 사회과제 연구, 기업과 경영, 회계 정보 처리 시스템, 금융 일반, 마케팅과 광고, 창업 일반, 커뮤니케이션, 유통 관리",68.0,70.4,65.9
541,천문학과,"관측천문학, 우주과학, 우주천문학, 천체물리학, 천체역학 개론","고급지구과학, 지구과학실험, 고급물리학, 물리학 실험, 과학과제 연구, 융합 과학 탐구, 심화수학I, 심화수학II, 고급수학I, 고급수학II, 정보과학, 전기ᆞ전자 기초, 전기ᆞ전자 측정, 환경 측정 관리",62.3,69.0,52.5
542,철도경영과,"철도경영론, 철도영업실무, 철도물류관리, 철도안전관리, 도시철도론","심화 수학I, 정보과학, 국제 경제, 세계 문제와 미래 사회, 사회 탐구 방법 및 사회과제 연구, 기업과 경영, 회계 정보 처리 시스템, 금융 일반, 마케팅과 광고, 창업 일반, 커뮤니케이션, 유통 관리",68.0,70.4,65.9
543,철도토목과,"궤도역학, 철도공학개론, 철도교량공학, 철도노반 공학, 철도설계실무","심화수학IᆞII, 고급 수학IᆞII, 고급 물리학, 물리학 실험, 고급 화학, 화학 실험, 정보과학, 융합과학탐구, 과학과제연구, 전기 철도 시공, 전기 철도 시설물 유지 보수, 철도 신호 제어 시공, 철도 신호 제어 시설물 유지 보수, 프로그래밍",65.7,63.8,80.0
545,철도운전과,"전기기관차, 철도차량기기, 운전이론, 운전기술, 철도전기회로실습","심화수학IᆞII, 고급 수학IᆞII, 고급 물리학, 물리학 실험, 고급 화학, 화학 실험, 정보과학, 융합과학탐구, 과학과제연구, 전기 철도 시공, 전기 철도 시설물 유지 보수, 철도 신호 제어 시공, 철도 신호 제어 시설물 유지 보수, 프로그래밍",65.7,63.8,80.0
546,철도전기제어과,"전기철도공학, 회로이론, 철도정보시스템, 전철전력공학, 차량전기시스템","심화수학IᆞII, 고급 수학IᆞII, 고급 물리학, 물리학 실험, 고급 화학, 화학 실험, 정보과학, 융합과학탐구, 과학과제연구, 공업 일반, 기계 제어 설계, 기계 소프트웨어 개발, 프로그래밍, 사물 인터넷 서비스 기획",72.2,71.7,78.6
547,철도교통과,"철도경영, 철도차량공학, 철도기계정비, 철도운전이론, 철도여객운송","심화수학IᆞII, 고급 수학IᆞII, 고급 물리학, 물리학 실험, 고급 화학, 화학 실험, 정보과학, 융합과학탐구, 과학과제연구, 전기 철도 시공, 전기 철도 시설물 유지 보수, 철도 신호 제어 시공, 철도 신호 제어 시설물 유지 보수, 프로그래밍",65.7,63.8,80.0
549,청소년복지과,"사회복지론, 가족복지론, 청소년복지론, 청소년문화, 청소년심리 및 상담","지역 이해, 세계 문제와 미래 사회, 사회 탐구 방법 및 사회과제 연구, 정보과학, 커뮤니케이션, 인간 발달, 아동 복지, 빅데이터 분석",69.1,71.2,68.2
550,청소년지도학과,"청소년지도방법론, 청소년심리, 청소년 정책론, 청소년상담, 청소년 육성법규와 행정","지역 이해, 세계 문제와 미래 사회, 사회 탐구 방법 및 사회과제 연구, 정보과학, 커뮤니케이션, 인간 발달, 아동 복지, 빅데이터 분석",64.9,65.1,64.9
552,체육학과,"운동생리학, 운동역학, 운동영양학, 체육원리, 사회체육론, 스포츠심리학","스포츠 개론, 체육 지도법, 체육 전공 실기 기초, 체육 전공 실기 심화, 체육 전공 실기 응용, 인체 구조와 기능, 간호의 기초",72.0,73.6,68.9
556,축산과,"축산학개론, 동물생리학, 동물영양학, 축산가공, 가축유통","고급 생명과학, 생명과학 실험, 물리화학 실험, 융합과학 탐구, 과학 과제 연구, 생태와 환경, 정보과학, 임산 가공, 제조화학, 생명공학 기술, 산림 자원",77.6,80.2,71.6
557,축산학과,"가금학 및 실습, 육우학, 축산 경영학, 동물유전학, 가축질병학","고급 생명과학, 생명과학 실험, 과학과제연구, 융합과학 탐구, 생태와 환경, 정보과학, 사회탐구 방법, 생명공학 기술, 인간과 환경",68.9,70.4,66.2
558,미디어출판과,"전자출판론, 전자출판실습, 출판기획론, 뉴미디어론, 매스컴개론","매체미술, 드로잉, 사진표현기법, 문학과 매체, 사회과제 연구, 영화 기술, 시나리오, 현대 세계의 변화, 미디어콘텐츠일반, 문화콘텐츠산업일반, 영상제작기초, 컴퓨터그래픽, 프로그애밍, 디지털 논리 회로, 디지털 이미지 재현",75.2,77.6,69.7
560,측지정보과,"위성측량(GPS), 지리정보(GIS), 측량학, 토질역학, 지적학","심화수학IᆞII, 고급 수학IᆞII, 고급 물리학, 물리학 실험, 고급 화학, 화학 실험, 고급 지구과학, 지구과학 실험, 정보 과학, 융합과학 탐구, 과학과제연구, 생태와 환경, 공업 일반, 토목 일반, 측량, 공간 정보 구축, 공간 정보 융합 서비스",76.4,75.8,79.2
566,커뮤니케이션디자인학과,"광고커뮤니케이션디자인, 디자인과 색채, 멀티미디어디자인, 인터랙티브디자인, 일러스트응용디자인","미술 이론, 미술사, 드로잉, 미술 전공 실기, 디자인 일반, 시각 디자인, 색채 관리",68.8,71.0,67.5
567,컨벤션산업과,"컨벤션산업이해, 컨벤션 기획실무, 컨벤션/이벤트 마케팅, 이미지 연출, 이벤트경영","심화 수학I, 정보과학, 국제 경제, 세계 문제와 미래 사회, 사회 탐구 방법 및 사회과제 연구, 기업과 경영, 회계 정보 처리 시스템, 금융 일반, 마케팅과 광고, 창업 일반, 커뮤니케이션, 유통 관리",68.0,70.4,65.9
568,게임콘텐츠과,"게임개론, 게임기획론, 게임프로그래밍, 게임시나리오, 프로그래밍기초","심화수학IᆞII, 고급 수학IᆞII, 고급 물리학, 물리학 실험, 정보과학, 융합과학탐구, 과학과제연구, 지역 이해, 사회탐구 방법, 사회과제 연구, 프로그래밍, 자료 구조, 빅데이터 분석, 사물 인터넷 서비스 기획",65.3,64.1,66.9
569,컴퓨터공학과,"운영체제, 소프트웨어 공학, 자료구조와 실험, 임베디드시스템, 데이터베이스","심화수학IᆞII, 고급 수학IᆞII, 고급 물리학, 물리학 실험, 고급 화학, 화학 실험, 정보과학, 융합과학탐구, 과학과제 연구, 디지털 논리 회로, 프로그래밍, 자료구조, 사물 인터넷 서비스 기획, 로봇 지능 개발",68.6,69.4,66.8
570,컴퓨터과학과,"소프트웨어 공학, 운영체제, 컴퓨터 구성, 정보기술 개론, 정보 검색","심화수학IᆞII, 고급 수학IᆞII, 고급 물리학, 물리학 실험, 고급 화학, 화학 실험, 정보과학, 융합과학탐구, 과학과제 연구, 디지털 논리 회로, 프로그래밍, 자료구조, 사물 인터넷 서비스 기획, 로봇 지능 개발",68.6,69.4,66.8
574,디지털디자인과,"디자인제도, 영상디자인, 시각디자인, 타이포그래피, 그래픽디자인","매체미술, 드로잉, 사진표현기법, 문학과 매체. 사회과제 연구, 영화 기술, 시나리오, 현대 세계의 변화, 미디어콘텐츠일반, 문화콘텐츠산업일반, 영상제작기초, 컴퓨터그래픽, 프로그래밍, 디지털 논리 회로, 디지털 이미지 재현",68.8,71.0,67.5
575,컴퓨터디자인학과,"디지털 이미지, 입체디자인, 컴퓨터 그래픽 시스템, 미디어디자인, 3D그래픽디자인","미술 이론, 미술사, 드로잉, 미술 전공 실기, 디자인 일반, 시각 디자인, 색채 관리",68.8,71.0,67.5
576,컴퓨터보안과,"데이터베이스, 시스템보안, 암호학, 모바일 보안, 정보통신개론","심화수학IᆞII, 고급 수학IᆞII, 고급 물리학, 물리학 실험, 고급 화학, 화학 실험, 정보과학, 융합과학탐구, 과학과제 연구, 생태와 환경, 지역 이해, 사회과제 연구, 정보처리와 관리, 프로그래밍, 자료구조, 네트워크 프로그래밍, 정보보호 관리",68.1,68.9,64.9
578,컴퓨터소프트웨어과,"전산학개론, C프로그래밍, JAVA 프로그래밍, UI/UX디자인, 운영체제","심화수학IᆞII, 고급 수학IᆞII, 고급 물리학, 물리학 실험, 정보과학, 융합과학탐구, 과학과제연구, 지역 이해, 사회탐구 방법, 사회과제 연구, 프로그래밍, 자료 구조, 빅데이터 분석, 사물 인터넷 서비스 기획",65.3,64.1,66.9
579,컴퓨터응용기계과,"기계재료, 기계공작법, 기계요소설계, CAD, 재료역학","심화수학IᆞII, 고급 수학IᆞII, 고급 물리학, 물리학 실험, 고급 화학, 화학 실험, 정보과학, 융합과학탐구, 과학과제연구, 디지털 논리 회로, 프로그래밍, 자료구조, 사물 인터넷 서비스 기획, 로봇 지능 개발",77.0,77.3,70.7
580,전기자동화과,"자동화시스템, 기초전기공학, 전기설비공학, 스마트팩토리, 기초기계공학","심화수학IᆞII, 고급 수학IᆞII, 고급 물리학, 물리학 실험, 고급 화학, 화학 실험, 정보과학, 융합과학탐구, 과학과제연구, 공업 일반, 기계 제도, 기계 일반, 기계 제어 설계, 전자 회로, 산업용 전자 기기 소프트웨어 개발",75.4,76.2,68.7
582,코디네이션과,"소재 및 색채디자인, 패션트렌드분석, 패션코디네이션 기초, 코디네이션스타일링, 패션 일러스트레이션","미술 이론, 미술사, 드로잉 미술 전공 실기, 디자인 일반, 시각디자인, 색체 관리",69.5,71.5,69.3
588,토목공학과,"기초측량학 및 실습, 구조역학, 교량공학, 토목제도 및 CAD, 사회기반시스템설계","심화수학IᆞII, 고급 수학IᆞII, 고급 물리학, 물리학 실험, 고급 화학, 화학 실험, 고급 지구과학, 지구과학 실험, 정보과학, 융합과학 탐구, 과학과제연구, 생태와 환경, 공업 일반, 토목 일반, 측량, 공간 정보 구축, 공간 정보 융합 서비스",71.0,71.9,67.1
590,토목과,"상하수도공학, 수리학, 응용역학, 철근콘크리트, 측량학","심화수학IᆞII, 고급 수학IᆞII, 고급 물리학, 물리학 실험, 고급 화학, 화학 실험, 고급 지구과학, 지구과학 실험, 정보 과학, 융합과학 탐구, 과학과제연구, 생태와 환경, 공업 일반, 토목 일반, 측량, 공간 정보 구축, 공간 정보 융합 서비스",76.4,75.8,79.2
591,통계학과,"다변량자료분석 및 실습, 확률론, SPSS입문, 통계데이터베이스, 통계학","심화 수학I, 정보과학, 국제 경제, 국제법, 지역 이해, 세계 문제와 미래 사회, 국제 관계와 국제기구, 사회 탐구 방법 및 사회과제 연구, 기업 자원 통합 관리, 금융 일반, 보험 일반, 예산ᆞ자금",66.8,67.7,65.8
592,특수교육학과,"특수교육학, 특수학급 운영, 특수학교교육과정론, 장애학생통합교육론, 특수교육공학","합창, 스포츠 개론, 체조 운동, 간호의 기초, 인체 구조와 기능",62.8,62.0,63.1
593,특수장비과,"재료역학, 전차정비학, 장갑차구조, 안전관리, 전투장비실습","심화수학IᆞII, 고급 수학IᆞII, 고급 물리학, 물리학 실험, 고급 화학, 화학 실험, 정보과학, 과학과제연구, 공업 일반, 공업 화학, 제조 화학, 화학 분석, 석유 화학 제품",75.2,77.6,69.7
596,패션디자인과,"패션디자인론, 패션디자인캐드, 패션상품디자인, 패션문화론, 패션드로잉","미술 이론, 매체 미술, 세계 문제와 미래 사회, 사회 탐구 방법 및 사회과제 연구, 디자인 일반, 색체 관리, 정보처리와 관리, 빅데이터 분석",70.2,71.8,69.9
598,주얼리디자인과,"디자인론, 색채학, 주얼리디자인, 주얼리재료학, 주얼리 캐드(CAD)","미술 이론, 미술사, 드로잉 미술 전공 실기, 디자인 일반, 시각디자인, 색체 관리",68.8,71.0,67.5
606,푸드스타일링과,"푸드코디네이션, 서양조리실습, 조리용어해설, 영양학, 메뉴관리, 조리과학","생명과학실험, 물리/화학 실험, 융합과학 탐구, 과학과제 연구, 식품과 영양, 식품위생, 급식관리, 식품과학, 식품분석",69.4,71.9,67.4
607,품질관리과,"품질경영, 회계원리, 물류관리론, 생산운영관리, 통계학일반","심화 수학I, 정보과학, 국제 경제, 세계 문제와 미래 사회, 사회 탐구 방법 및 사회과제 연구, 기업과 경영, 회계 정보 처리 시스템, 금융 일반, 마케팅과 광고, 창업 일반, 커뮤니케이션, 유통 관리",68.0,70.4,65.9
609,프랑스학과,"프랑스사회와 문화, 프랑스연극의 이해, 프랑스의 역사와 지성, 프랑스현대문학, 프랑스어회화","국제 정치, 국제 경제, 국제법, 지역 이해, 비교 문화, 세계 문제와 미래 사회, 국제 관계와 국제기구, 현대 세계의 변화, 사회 탐구 방법 및 사회과제 연구, 커뮤니케이션, 비즈니스 영어",59.1,61.0,58.0
611,피부미용과,"미용학개론, 피부 관리 이론 및 실습, 화장품학, 메이크업 이론 및 실습, 헤어디자인","미술 이론, 미술사, 드로잉 미술 전공 실기, 디자인 일반, 시각디자인, 색체 관리",69.5,71.5,69.3
612,피아노학과,"반주법, 악식론, 피아노 전공실기, 피아노문헌, 피아노연주법, 실내악","음악이론, 음악사, 시창ᆞ청음, 음악 전공 실기, 음악 콘텐츠 제작",56.2,58.2,55.7
615,한문교육과,"기초한문, 한문교육론, 한문교재연구, 한문지도법, 한문문법","중국문화, 전공 기초 중국어, 중국어 독해와 작문, 사회과제 연구, 사회 탐구 방법, 비교 문화",45.4,51.3,42.7
616,한문학과,"한문학통론, 한문학고전독해, 사기강독, 서예실습, 한문입문","중국문화, 전공기초 중국어, 중국어 독해와 작문, 사회과제 연구, 사회 탐구 방법, 비교문화",60.5,63.7,59.3
622,항공서비스과,"객실서비스실무, 서비스관리이론, 항공업무론, 항공객실영어회화, 항공객실업무","지역 이해, 세계 문제와 미래 사회, 사회 탐구 방법 및 사회과제 연구, 커뮤니케이션, 비즈니스 영어",67.5,69.6,67.0
623,항공여행과,"항공관광산업론, 항공관광영어, 세계문화관광, 기내방송업무, 기내안전업무","지역 이해, 세계 문제와 미래 사회, 사회 탐구 방법 및 사회과제 연구, 커뮤니케이션, 비즈니스 영어",67.5,69.6,67.0
624,항공우주공학과,"항공우주학 개론, 비행역학, 항공우주시스템설계, 유체역학, 항공제도 및 실습","심화수학IᆞII, 고급 수학IᆞII, 고급 물리학, 물리학 실험, 고급 화학, 화학 실험, 고급 지구과학, 지구과학 실험, 정보과학, 융합과학탐구, 과학과제연구, 공업 일반, 기계 일반, 기계 제도, 항공기 일반, 항공기 실무 기초, 항공기 기체 제작, 프로그래밍, 자료구조",70.4,71.0,66.9
626,항공운항학과,"항공역학, 항공기체구조, 모의비행, 공중항법학, 항공운항론","고급 물리학, 물리학 실험, 과학과제 연구, 심화수학IᆞII, 고급수학IᆞII, 심화영어IᆞII, 심화영어회화IᆞII, 항공기 일반, 항공기 실무 기초",70.4,71.0,66.9
627,항공정비과,"항공기 기체, 항공기 동력 장치, 항공기 장비, 항공기 정비 관리, 항공역학","고급물리학, 물리학 실험, 과학과제 연구, 심화수학I, 심화수학II, 고급수학I, 고급수학II, 심화영어I,II, 심화영어회화I,II,, 항공기 일반, 항공기 실무 기초",74.6,74.8,73.2
629,항해학과,"레이더 항해학, 선박운용 및 적부, 운항실습, 항해계기학 및 실습, 선박관리실무","심화수학IᆞII, 고급 수학IᆞII, 고급 물리학, 물리학 실험, 고급 화학, 화학 실험, 고급 지구과학, 지구과학 실험,, 정보과학, 융합과학탐구, 과학과제연구, 기계 제도, 기초 제도, 선박 구조, 선박 건조, 해양의 이해, 해양 정보 관리",80.2,83.1,68.1
630,해양경찰학과,"수색구조론, 해양경찰학, 해양오염방제론, 해양정보론, 해사법규","지역 이해, 세계 문제와 미래 사회, 현대 세계의 변화, 사회 탐구 방법 및 사회과제 연구, 커뮤니케이션, 정보처리와 관리, 컴퓨터 보안, 정보 보호 관리, 빅데이터 분석",58.7,61.7,55.8
631,해양공학과,"해양학, 해양천연물학, 해양건설공학, 선박해양공학개론, 유체역학","심화수학IᆞII, 고급 수학IᆞII, 고급 물리학, 물리학 실험, 고급 화학, 화학 실험, 고급 지구과학, 지구과학 실험,, 정보과학, 융합과학탐구, 과학과제연구, 기계 제도, 기초 제도, 선박 구조, 선박 건조, 해양의 이해, 해양 정보 관리",80.2,83.1,68.1
633,해양스포츠학과,"수영, 해양훈련, 세일링요트, 해양스포츠 안전교육론, 윈드서핑, 조정","스포츠 개론, 체육 지도법, 체육 전공 실기 기초, 체육 전공 실기 심화, 체육 전공 실기 응용, 인체 구조와 기능, 간호의 기초",72.0,73.6,68.9
634,해양시스템학과,"해양환경시스템학, 수산자원학, 연안환경해양학, 해양과학, 해양오염학","심화수학IᆞII, 고급 수학IᆞII, 고급 물리학, 물리학 실험, 고급 화학, 화학 실험, 고급 지구과학, 지구과학 실험,, 정보과학, 융합과학탐구, 과학과제연구, 기계 제도, 기초 제도, 선박 구조, 선박 건조, 해양의 이해, 해양 정보 관리",80.2,83.1,68.1
635,해양자원학과,"분자생물학, 해양동물학 및 실험, 해양생태학, 해양학, 해조생리학","고급 생명과학, 생명과학 실험, 물리화학 실험, 융합과학 탐구, 정보과학, 과학과제 연구, 생명공학 기술, 동물 지원, 반려동물 관리, 실험동물과 기타 가축, 종축, 사료생산",65.0,68.3,60.4
636,행정과,"재무행정론, 한국 정부론, 행정 국가론, 행정학 원론, 행정법","국제 정치, 국제 경제, 국제법, 지역 이해, 비교 문화, 세계 문제와 미래 사회, 국제 관계와 국제기구, 현대 세계의 변화, 사회 탐구 방법 및 사회 과제 연구, 커뮤니케이션, 정보 처리와 관리 정보 보호 관리, 빅데이터 분석",66.7,69.6,64.8
639,행정학과,"행정학원론, 정책학, 지방행정, 인사행정, 공공관리론","국제 정치, 국제 경제, 국제법, 지역 이해, 비교 문화, 세계 문제와 미래 사회, 국제 관계와 국제기구, 현대 세계의 변화, 사회 탐구 방법 및 사회과제 연구, 커뮤니케이션, 정보처리와 관리, 정보 보호 관리, 빅데이터 분석",58.7,61.7,55.8
643,호텔경영과,"호텔경영론, 비즈니스영어, 서비스경영론, 관광마케팅, 관광법규","심화 수학I, 정보과학, 국제 경제, 세계 문제와 미래 사회, 사회 탐구 방법 및 사회과제 연구, 기업과 경영, 회계 정보 처리 시스템, 금융 일반, 마케팅과 광고, 창업 일반, 커뮤니케이션, 유통 관리",68.0,70.4,65.9
644,호텔외식경영과,"호텔경영론, 호텔조리론, 객실관리실습, 서양조리실습, 식음료관리실습, 제과제빵실습","심화 수학I, 정보과학, 국제 경제, 세계 문제와 미래 사회, 사회 탐구 방법 및 사회과제 연구, 기업과 경영, 회계 정보 처리 시스템, 금융 일반, 마케팅과 광고, 창업 일반, 커뮤니케이션, 유통 관리",68.0,70.4,65.9
645,호텔조리과,"조리원리, 세계의 식문화, 서양조리실습, 한국조리실습, 창업메뉴관리론","생명과학실험, 물리/화학 실험, 융합과학 탐구, 과학과제 연구, 식품과 영양, 식품위생, 급식관리, 식품과학, 식품분석",69.4,71.9,67.4
646,화장품과,"피부관리실습, 화장품분석, 화장품미생물학, 화장품학개론, 기초화학","심화수학IᆞII, 고급 수학IᆞII, 고급 물리학, 물리학 실험, 고급 화학, 화학 실험, 정보과학, 과학과제연구, 공업 일반, 공업 화학, 제조 화학, 화학 분석, 석유 화학 제품",75.2,77.6,69.7
647,화학공업과,"분석화학, 일반화학, 단위조작, 물리화학, 화공양론","심화수학IᆞII, 고급 수학IᆞII, 고급 물리학, 물리학 실험, 고급 화학, 화학 실험, 정보과학, 과학과제연구, 공업 일반, 공업 화학, 제조 화학, 화학 분석, 석유 화학 제품",71.6,73.9,68.0
648,화학공학과,"물리화학, 정밀화학, 화공양론, 화공열역학, 화학반응공학","심화수학IᆞII, 고급 수학IᆞII, 고급 물리학, 물리학 실험, 고급 화학, 화학 실험, 정보과학, 과학과제연구, 공업일반, 공업 화학, 제조 화학, 화학 분석, 석유 화학 제품",71.6,73.9,68.0
649,화학과,"무기화학, 물리화학, 분석화학, 유기화학, 환경화학","고급화학, 화학 실험, 과학과제 연구, 융합과학 탐구, 정보과학, 심화수학I, 심화수학II, 고급수학I, 고급수학II, 환경화학 기초, 공업화학, 제조화학",67.3,70.8,64.4
652,환경공업과,"대기오염, 분석화학, 수질오염, 일반폐기물처리, 고분자공학","심화수학IᆞII, 고급 수학IᆞII, 고급 화학, 화학 실험, 고급 생명과학, 생명과학실험, 융합 과학 탐구, 과학과제연구, 생태와 환경, 지역 이해, 세계 문제와 미래 사회, 인간과 환경, 산업 안전 보건 기초, 환경 생태 관리",73.3,74.5,70.0
653,환경공학과,"대기오염 제어공학설계, 상하수도 계획 및 설계, 일반폐기물처리, 환경생태토목공학, 환경시스템공학","심화수학IᆞII, 고급 수학IᆞII, 고급 화학, 화학 실험, 고급 생명과학, 생명과학 실험, 융합과학탐구, 과학과제연구, 생태와 환경, 지역 이해, 세계 문제와 미래 사회, 인간과 환경, 산업 안전 보건 기초, 환경 생태 관리",65.4,70.2,59.3
654,환경과학과,"환경과학개론, 환경기초화학, 기초환경통계학, 환경미생물학, 환경과학전공글쓰기","심화수학IᆞII, 고급 수학IᆞII, 고급 화학, 화학 실험, 고급 생명과학, 생명과학 실험, 융합과학탐구, 과학과제연구, 생태와 환경, 지역 이해, 세계 문제와 미래 사회, 인간과 환경, 산업 안전 보건 기초, 환경 생태 관리",65.4,70.2,59.3
656,환경디자인과,"조경디자인개론, 도시환경디자인, 실내디자인캐드, 환경색채학, 조명디자인","미술 이론, 미술사, 드로잉 미술 전공 실기, 디자인 일반, 시각디자인, 색체 관리",68.8,71.0,67.5
657,환경디자인학과,"공간 심리학, 공간과 색채, 환경과 디자인, 지형디자인, 조경수목 및 관리학","미술 이론, 미술사, 드로잉, 미술 전공 실기, 디자인 일반, 시각 디자인, 색채 관리",68.8,71.0,67.5
658,환경보건학과,"생명화학, 환경보건학, 실내환경학, 육수학 및 실험, 독성 분석 및 실험","정보과학, 과학 과제 연구, 정보 보호 관리, 정보 처리와 관리, 공중 보건, 인체 구조와 기능, 기초 간호 임상 실무, 보건간호",77.6,77.2,77.7
659,환경시스템과,"수질오염분석, 대기오염물질 측정분석, 수질환경관리, 폐기물관리, 환경관계법규","심화수학IᆞII, 고급 수학IᆞII, 고급 화학, 화학 실험, 고급 생명과학, 생명과학실험, 융합 과학 탐구, 과학과제연구, 생태와 환경, 지역 이해, 세계 문제와 미래 사회, 인간과 환경, 산업 안전 보건 기초, 환경 생태 관리",73.3,74.5,70.0
660,환경조각학과,"현대조각론, 환경조각론, 환경조각연습, 조형, 환경조각, 공간연출","미술 이론, 미술사, 드로잉 미술 전공 실기, 디자인 일반, 시각디자인, 색체 관리",61.5,60.0,61.8
661,환경화학과,"공업화학개론, 대기오염, 대기오염방지기술, 분석화학, 수질오염","심화수학IᆞII, 고급 수학IᆞII, 고급 물리학, 물리학 실험, 고급 화학, 화학 실험, 정보과학, 과학과제연구, 공업일반, 공업 화학, 제조 화학, 화학 분석, 석유 화학 제품",71.6,73.9,68.0
662,회계학과,"재무회계, 중급회계, 관리회계, 원가회계, 회계감사","심화 수학I, 정보과학, 국제 경제, 국제법, 지역 이해, 세계 문제와 미래 사회, 국제 관계와 국제기구, 사회 탐구 방법 및 사회과제 연구, 회계 원리, 세무 일반, 금융 일반, 보험 일반, 예산ᆞ자금, 무역 금융 업무",63.1,64.7,61.8
663,회화학과,"드로잉 기법, 서예, 현대미술사, 한국미술사, 기초입체, 서양미술사","미술 이론, 미술사, 드로잉 미술 전공 실기, 디자인 일반, 시각디자인, 색체 관리",61.3,64.0,60.7
666,e-비즈니스학과,"전자무역, 정보시스템개론, ERP, CRM, e-Biz 시스템 구축","심화 수학I, 정보과학, 국제 경제, 세계 문제와 미래 사회, 사회 탐구 방법 및 사회과제 연구, 기업과 경영, 회계 정보 처리 시스템, 금융 일반, 마케팅과 광고, 창업 일반, 커뮤니케이션, 유통 관리",68.5,70.3,66.6
10001,한약자원학과,"한약한문, 한약학개론, 한약저장학, 한방미생물학, 인삼학 및 실습","고급 생명과학, 생명과학 실험, 물리화학 실험, 융합과학 탐구, 정보과학, 과학 과제연구, 생태와 환경, 생명공학 기술, 인간과 환경, 환경 화학 기초, 친환경 농업, 농업 기초 기술",65.0,68.3,60.4
10003,해양경찰과,"해양경찰학, 해상안전공학, 선박일반, 경찰무술, 기본항해학","지역 이해, 세계 문제와 미래 사회, 현대 세계의 변화, 사회 탐구 방법 및 사회과제 연구, 커뮤니케이션, 정보처리와 관리, 컴퓨터 보안, 정보 보호 관리, 빅데이터 분석",66.7,69.6,64.8
10007,국제관계학과,"국제관계론, 국제정치경제, 국제협상, 국제관계이슈, 국제법","국제 정치, 국제 경제, 국제법, 지역 이해, 비교 문화, 세계 문제와 미래 사회, 국제 관계와 국제기구, 현대 세계의 변화, 사회 탐구 방법 및 사회과제 연구, 커뮤니케이션, 비즈니스 영어",64.9,67.1,63.6
10008,만화창작과,"일러스트레이션, 창작만화, 디지털만화, 웹툰창작, 인체드로잉","미술 이론, 미술사, 드로잉 미술 전공 실기, 디자인 일반, 시각디자인, 색체 관리",67.9,65.3,68.9
10009,약재자원과,"한의약학개론, 본초학 및 본초학실습, 한약재가공실습, 약용식물재배실습, 방제학, 한방약차제조실습","고급 생명과학, 생명과학 실험, 물리화학 실험, 융합과학 탐구, 정보고학, 과학 과제연구, 생태와 환경, 생명고학 기술, 인간과 환경, 환경 화학 기초, 친환경 농업, 농업 기초 기술",62.5,100.0,50.0
10010,화장품과학과,"화장품재료학, 화장품 품질 공정론, 화장품 성분 분석 및 실험, 기능성 화장품학, 색조화장품 제조 및 실험","심화수학IᆞII, 고급 수학IᆞII, 고급 물리학, 물리학 실험, 고급 화학, 화학 실험, 고급 생명과학, 생명과학 실험, 고급 지구과학, 지구과학 실험, 정보과학, 융합과학탐구, 과학과제연구, 생태와 환경, 지역 이해, 사회과제 연구, 환경 화학 기초, 인간과 환경, 환경 생태 관리, 수질 관리, 대기 관리, 폐기물 관리",75.2,77.6,69.7
10011,컬러리스트과,"색채이론, 색채 조색, 컬러 트렌드 분석, 색채 재료학, 컴퓨터그래픽","미술 이론, 미술사, 드로잉 미술 전공 실기, 디자인 일반, 시각디자인, 색체 관리",69.5,71.5,69.3
10012,방사선학과,"인체생리학, 영상정보학, 방사선생물학, 방사선영상학 실습, 방사선기기학","고급화학 및 고급 생명과학, 화학실험 및 생명과학실험, 과학과제 연구, 인체 구조와 기능, 기초 간호 임상 실무, 보건 간호",77.6,77.2,77.7
10014,응급구조학과,"응급환자관리학 및 실습, 응급구조학개론, 심폐소생술, 응급약리학, 전문외상응급처지학","고급 생명과학, 생명과학 실험, 과학과제 연구, 체육 전공 실기 응용, 개인ᆞ대인 운동, 인체 구조와 기능, 기초 간호 임상 실무, 보건 간호",74.1,75.7,72.7
10015,소방방재학과,"소방학개론, 소방전기공학개론, 소방기계공학개론, 방재학개론, 재난관리론","심화수학IᆞII, 고급 수학IᆞII, 고급 물리학, 물리학 실험, 고급 화학, 화학 실험, 고급 생명과학, 생명과학 실험, 고급 생명과학, 생명과학 실험, 정보과학, 융합과학탐구, 과학과제연구, 생태와 환경, 환경 화학 기초, 산업 안전 보건 기초",75.2,77.6,69.7
10016,언어재활과,"언어학개론, 조음음운장애, 언어발달장애, 의사소통장애 진단 및 평가, 청각장애언어치료, 재활학","체육지도법, 개인ᆞ대인 운동, 체육 전공 실기 응용, 인체 구조와 기능, 기초 간호 임상 실무, 보건 간호",83.3,84.9,82.4
10017,신재생에너지과,"신재생에너지공학개론, 에너지변환이론, 대체에너지공학, 신재생에너지응용 설비, 신재생에너지 시스템 설계, 전력변환회로 설계","심화수학IᆞII, 고급 수학IᆞII, 고급 물리학, 물리학 실험, 고급 화학, 화학 실험, 생태와 환경, 과학과제연구, 공업 일반, 냉동 공조 설계, 프로그래밍",71.8,73.3,68.9
10018,실내디자인과,"제도, 공간디자인, 실내디자인, 색채학, 가구디자인","미술 이론, 미술사, 드로잉 미술 전공 실기, 디자인 일반, 시각디자인, 색체 관리",68.8,71.0,67.5
10019,스마트폰과,"모바일 웹 개발 기초, 콘텐츠 개발 기획 및 디자인, 스마트 폰 앱 개발, 스마트폰OS, 스마트폰 프로그래밍","심화수학IᆞII, 고급 수학IᆞII, 고급 물리학, 물리학 실험, 고급 화학, 화학 실험, 정보과학, 융합과학탐구, 과학과제 연구, 생태와 환경, 지역 이해, 사회과제 연구, 정보처리와 관리, 프로그래밍, 자료구조, 네트워크 프로그래밍, 정보보호 관리",68.1,68.9,64.9
10020,레저스포츠학과,"레저스포츠생리학, 레저스포츠학원론, 레저스포츠사회학, 레저스포츠영양학, 레저스포츠마케팅","스포츠개론, 체육지도법, 체육 전공 실기 기초, 체육 전공 실기 심화, 체육 전공 실기 응용, 인체 구조와 기능, 간호의 기초",72.0,73.6,68.9
10024,실내디자인학과,"실내디자인, 조명디자인 실무, 서양근대실내디자인사, 실내건축환경, 실내건축 모델링","미술 이론, 미술사, 드로잉, 미술 전공 실기, 디자인 일반, 시각 디자인, 색채 관리",68.8,71.0,67.5
10025,e-비즈니스과,"경영정보시스템, e-비즈니스시스템, 데이터베이스, 전자상거래실무, 인터넷마케팅","심화 수학I, 정보과학, 국제 경제, 세계 문제와 미래 사회, 사회 탐구 방법 및 사회과제 연구, 기업과 경영, 회계 정보 처리 시스템, 금융 일반, 마케팅과 광고, 창업 일반, 커뮤니케이션, 유통 관리",68.0,70.4,65.9
10026,군사학과,"군사학개론, 국가안보론, 군사이론, 북한학, 군사영어","지역 이해, 세계 문제와 미래 사회, 사회 탐구 방법 및 사회과제 연구, 정보과학, 커뮤니케이션, 정보 보호 관리, 빅데이터 분석, 정보 보호 관리",70.0,78.9,59.5
10027,스포츠재활과,"스포츠재활론, 치료댄스스포츠, 스포츠마사지, 재활탄력 저항운동, 치료레크리에이션","스포츠 개론, 체육 지도법, 체육 전공 실기 기초, 체육 전공 실기 심화, 체육 전공 실기 응용, 인체 구조와 기능, 간호의 기초",72.0,73.6,68.9
10028,인터넷정보과,"정보통신개론, 정보시스템구조, 정보보안, 정보처리실습, 사물인터넷(Internet of Things)","심화수학IᆞII, 고급 수학IᆞII, 고급 물리학, 물리학 실험, 고급 화학, 화학 실험, 정보과학, 융합과학탐구, 과학과제 연구, 생태와 환경, 지역 이해, 사회과제 연구, 정보처리와 관리, 프로그래밍, 자료구조, 네트워크 프로그래밍, 정보보호 관리",68.1,68.9,64.9
10029,항공서비스학과,"객실서비스실무, 항공운항과 안전, 항공서비스마케팅, 인간관계론, 항공실무영어","지역 이해, 세계 문제와 미래 사회, 사회 탐구 방법 및 사회과제 연구, 커뮤니케이션, 비즈니스 영어",70.0,71.1,69.7
10030,문화재보존학과,"무기문화재재료연구, 도토기보존실습, 문화재분석실습, 문화재학개론, 한국미술사","사회탐구 방법, 사회과제 연구, 한국 사회의 이해, 비교 문화, 지역 이해, 문화콘텐츠 산업 일반",64.8,69.1,62.6
10031,문화콘텐츠학과,"문화비평워크샵, 문화콘텐츠제작실습, 영상문화콘텐츠 분석, 문화이론 강독, 디지털과 문화콘텐츠","지역 이해, 비교 문화, 세계 문제와 미래 사회, 사회 탐구 방법 및 사회과제 연구, 마케팅과 광고, 커뮤니케이션, 인간발달, 문화콘텐츠 산업 일반, 빅데이터 분석",64.8,69.1,62.6
10032,유아특수재활과,"정신지체아언어교육, 학습장애아 교육, 특수아동지도, 특수아 심리검사, 특수교육학개론","합창, 스포츠 개론, 체조 운동, 연극의 이해, 문예 창작 입문, 인간 발달, 영ᆞ유아 놀이지도, 아동 생활지도, 아동 복지",81.5,75.0,82.0
10034,통번역학과,"통역ᆞ번역 입문, 노트테이킹(Note Taking)과 기초 통역 연습, 통역, 번역, 문장 구조론","심화 영어, 심화 영어 회화, 심화 영어 독해, 심화 영어 작문, 세계 문제와 미래 사회, 국제 관계와 국제기구, 사회과제 연구",61.6,62.5,61.1
10035,중국비즈니스과,"기초중국어회화, 중국회계와 세무, 중국경제의 이해, 중국무역실무, 비즈니스중국어, 중국시장조사론","심화 수학I, 정보과학, 국제 경제, 세계 문제와 미래 사회, 사회 탐구 방법 및 사회과제 연구, 기업과 경영, 회계 정보 처리 시스템, 금융 일반, 마케팅과 광고, 창업 일반, 커뮤니케이션, 유통 관리",68.0,70.4,65.9
10036,컴퓨터정보과,"웹프로그래밍, 알고리즘, C프로그래밍, 모바일 프로그래밍, 디지털공학","심화수학IᆞII, 고급 수학IᆞII, 고급 물리학, 물리학 실험, 고급 화학, 화학 실험, 정보과학, 융합과학탐구, 과학과제 연구, 생태와 환경, 지역 이해, 사회과제 연구, 정보처리와 관리, 프로그래밍, 자료구조, 네트워크 프로그래밍, 정보보호 관리",68.1,68.9,64.9
10037,조선과,"조선해양공학개론, 선체구조, 선박유체, 선박의장, 구조역학 및 해석","심화수학IᆞII, 고급 수학IᆞII, 고급 물리학, 물리학 실험, 고급 화학, 화학 실험, 고급 지구과학, 지구과학 실험, 정보과학, 융합과학탐구, 과학과제연구, 기계 제도, 기초 제도, 선박 구조, 선박 건조, 해양의 이해, 해양 정보 관리",74.7,76.2,70.7
10038,국방기술학과,"국방과학기술개론, 지상무기체계, 병기공학, 레이더공학, 무기공학","심화수학IᆞII, 고급 수학IᆞII, 고급 물리학, 물리학 실험, 고급 화학, 화학 실험, 정보 과학, 융합과학탐구, 과학과제연구, 공업 일반, 기계 제도, 기계 일반, 기계 제어 설계",72.5,73.0,68.5
10039,스포츠지도과,"구기운동, 하계스포츠, 라켓스포츠, 코칭론, 스포츠총론","스포츠 개론, 체육 지도법, 체육 전공 실기 기초, 체육 전공 실기 심화, 체육 전공 실기 응용, 인체 구조와 기능, 간호의 기초",72.0,73.6,68.9
10040,뷰티미용학과,"미용영양학, 네일미용, 미용경영학, 미용색채학, 피부과학, 조형헤어디자인","미술 이론, 미술사, 드로잉, 미술 전공 실기, 디자인 일반, 시각 디자인, 색채 관리",69.7,71.8,68.9
10041,경호학과,"경호무도, 경호방법론, 경호심리학, 경호구급 및 응급처치, 경호실무, 경호무도론","스포츠개론, 체육지도법, 체육 전공 실기 기초, 체육 전공 실기 심화, 체육 전공 실기 응용, 인체 구조와 기능, 간호의 기초",72.0,73.6,68.9
10043,한국어과,"한국어어휘문법 초급, 한국어회화, 한국어영상, 한국어청해, 한국어작문","현대문학감상, 고전문학감상, 사회과제 연구, 문학개론, 문학과 매체, 비교문화, 한국 사회의 이해",46.6,52.2,42.9
10045,예술치료학과,"미술치료개론, 음악치료개론, 문학치료개론, 발달심리학, 상담의 이론과 실제","체육지도법, 개인ᆞ대인 운동, 체육 전공 실기 응용, 인체 구조와 기능, 기초 간호 임상 실무, 보건 간호",80.2,81.7,79.4
10046,예술치료과,"미술치료개론, 미술치료사례연구법, 아동미술치료, 노인미술치료, 상담과 심리치료, 가족상담과 미술치료","체육지도법, 개인ᆞ대인 운동, 체육 전공 실기 응용, 인체 구조와 기능, 기초 간호 임상 실무, 보건 간호",83.3,84.9,82.4
10047,외국어학과,"러시아어와 러시아문화, 영어와 영미문화, 일본어와 일본문화, 중국어와 중국문화","심화 영어, 심화 영어 회화, 심화 영어 독해, 심화 영어 작문, 세계 문제와 미래 사회, 국제 관계와 국제기구, 사회과제 연구",61.6,62.5,61.1
10048,생물산업기계공학과,"기계역학, 열역학, 유체역학, 기계요소설계, 생물생산기계공학 및 실습","심화수학IᆞII, 고급 수학IᆞII, 고급 화학, 화학 실험, 고급 생명과학, 생명과학 실험, 정보과학, 융합과학탐구, 과학과제연구, 생태와 환경, 인간과 환경",65.9,69.3,63.0
10049,냉동공조공학과,"냉동설비설계, 공기조화 및 실험, 에너지 시스템 공학, 에너지설비시스템, CAD","심화수학IᆞII, 고급 수학IᆞII, 고급 물리학, 물리학 실험, 고급 화학, 화학 실험, 고급 생명과학, 생명과학 실험, 고급 지구과학, 지구과학 실험, 정보과학, 융합과학탐구, 과학과제연구, 생태와 환경, 지역 이해, 사회과제 연구, 환경 화학 기초, 인간과 환경, 환경 생태 관리, 수질 관리, 대기 관리, 폐기물 관리",75.2,77.6,69.7
10050,산업설비자동화과,"배관공학, 용접공학, 용접야금 및 기계재료, 냉동공학, 설비제도","심화수학IᆞII, 고급 수학IᆞII, 고급 물리학, 물리학 실험, 고급 화학, 화학 실험, 정보과학, 융합과학탐구, 과학과제 연구, 생태와 환경, 지역 이해, 세계 문제와 미래 사회, 사회 탐구 방법, 사회과제 연구, 공업 일반, 기업과 경영, 프로그래밍, 빅데이터 분석",75.2,77.6,69.7
10051,산업잠수과,"측량학, 해양학, 잠수의학, 수중용접실습, 산업잠수 및 실습","스포츠 개론, 체육 지도법, 체육 전공 실기 기초, 체육 전공 실기 심화, 체육 전공 실기 응용, 인체 구조와 기능, 간호의 기초",72.0,73.6,68.9
10052,항공보안과,"항공보안개론, 항공테러와 심리, 항공보안과 서비스, 항공경비무도, 항공보안장비","고급물리학, 물리학 실험, 과학과제 연구, 심화수학I, 심화수학II, 고급수학I, 고급수학II, 심화영어I,II, 심화영어회화I,II,, 항공기 일반, 항공기 실무 기초",74.6,74.8,73.2
10115,스토리텔링학과,"스토리텔링 입문, 디지털 스토리텔링, 영상콘텐츠와 스토리텔링, 문화 산업의 이해","현대 문학 감상, 고전 문학 감상, 문예 창작 입문, 문학 개론, 문학과 매체, 시 창작, 소설 창작, 극 창작, 미디어콘텐츠 일반, 커뮤니케이션",57.5,56.8,57.8
10116,로봇공학과,"제어로봇공학, 공학설계, 전자회로, 센서공학, 프로그래밍 언어 개론 및 실습","심화수학IᆞII, 고급 수학IᆞII, 고급 물리학, 물리학 실험, 고급 생명과학, 생명과학 실험, 정보과학, 융합과학탐구, 과학과제연구, 사회과제 연구, 공업일반, 로봇 기구 개발, 로봇 지능 개발, 프로그래밍",75.4,76.2,68.7
10117,응용소프트웨어공학과,"컴퓨터 개론, 프로그래밍, 컴퓨터네트워크, 멀티미디어프로그래밍, 모바일 응용 프로그래밍","심화수학IᆞII, 고급 수학IᆞII, 고급 물리학, 물리학 실험, 정보과학, 융합과학탐구, 과학과제연구, 지역 이해,, 사회탐구 방법, 사회과제 연구, 프로그래밍, 자료구조, 빅데이터 분석, 사물 인터넷 서비스 기획",69.3,69.5,69.0
10118,모바일시스템공학과,"컴퓨터 구조 및 모바일 프로세서, 기초 프로그래밍, 모바일 프로그래밍, 모바일 멀티미디어 프로젝트, 통신네트워크","심화수학IᆞII, 고급 수학IᆞII, 고급 물리학, 물리학 실험, 정보과학, 융합과학탐구, 과학과제연구, 지역 이해,, 사회탐구 방법, 사회과제 연구, 프로그래밍, 자료구조, 빅데이터 분석, 사물 인터넷 서비스 기획",69.3,69.5,69.0
10119,사이버국방학과,"사이버보안개론, 해킹 및 악성코드, 암호학, 컴퓨터네트워크, 네트워크 보안","심화수학IᆞII, 고급 수학IᆞII, 고급 물리학, 물리학 실험, 고급 화학, 화학 실험, 정보과학, 융합과학탐구, 과학과제연구, 생태와 환경, 지역 이해, 사회과제 연구, 정보처리와 관리, 프로그래밍, 자료구조, 네트워크 프로그래밍, 정보보호관리",72.2,73.0,70.2
10120,말특수동물학과,"반려동물학, 말/특수동물번식학, 동물행동학, 동물복지 및 법규, 말과 레저","고급 화학 및 고급 생명과학, 화학실험 및 생명과학 실험, 과학과제 연구, 수의 보조, 애완동물 미용",87.0,88.9,84.8
10139,경영정보학과,"경영학원론, 경영정보시스템, 경제학원론, 경영전략론, 재무관리","정보과학, 국제 경제, 지역 이해, 세계 문제와 미래 사회, 사회 탐구 방법 및 사회과제 연구, 기업과 경영, 커뮤니케이션, 정보통신, 빅데이터 분석",68.5,70.3,66.6
10140,광고디자인학과,"웹디자인, 광고디자인론, 광고사진실습, 광고카피 기획, 영상디자인","미술 이론, 미술사, 드로잉, 미술 전공 실기, 디자인 일반, 시각 디자인, 색채 관리",68.8,71.0,67.5
10141,교양경상학부,"경영과학, 국제경영, 마케팅관리, 마케팅원론, 관리회계","심화 수학I, 정보과학, 국제 경제, 세계 문제와 미래 사회, 사회 탐구 방법 및 사회과제 연구, 기업과 경영, 회계 정보 처리 시스템, 금융 일반, 마케팅과 광고, 창업 일반, 커뮤니케이션, 유통 관리",64.3,69.2,57.9
10142,교양공학부,"이산수학, 화학분석, 생명공학개론, 열역학, 데이터구조","심화수학IᆞII, 고급 수학IᆞII, 고급 물리학, 물리학 실험, 고급 화학, 화학 실험, 고급 지구과학, 지구과학 실험, 정보과학, 융합과학탐구, 과학과제연구, 생태와 환경, 지역 이해, 사회과제 연구, 공간정보융합서비스, 빅데이터 분석, 인간과 환경, 환경 보전",74.2,75.3,72.5
10143,교양사회과학부,"사회통계론, 사회학사, 사회조사분석론, 현대사회학, 사회조사방법론","국제 경제, 국제법, 지역 이해, 한국 사회의 이해, 비교 문화, 세계 문제와 미래 사회, 국제 관계와 국제기구, 현대 세계의 변화, 사회 탐구 방법 및 사회과제 연구, 커뮤니케이션, 복지 서비스의 기초, 문화 콘텐츠 산업 일반, 빅테이터 분석",61.7,68.3,57.9
10145,교양인문학부,"예술철학, 현대사회와 문화예술, 비평적글쓰기, 문화콘텐츠의 이해와 활용, 인간관계와 리더십의 이해","정보과학, 지역 이해, 비교 문화, 세계 문제와 미래 사회, 사회 탐구 방법 및 사회과제 연구, 기업과 경영, 정보처리와 관리, 커뮤니케이션, 정보통신, 빅데이터 분석",66.5,67.6,65.6
10147,국방기술과,"기초군사학, 국가안보론, 무도, 무기공학, 신소재공학","심화수학IᆞII, 고급 수학IᆞII, 고급 물리학, 물리학 실험, 고급 화학, 화학 실험, 정보과학, 융합과학탐구, 과학과제연구, 공업 일반, 기계 제도, 기계 일반, 기계 제어 설계",77.0,77.3,70.7
10148,국제경영과,"국제경영학, 마케팅원론, 재무관리, 무역실무, 경제학입문","심화 수학I, 정보과학, 국제 경제, 세계 문제와 미래 사회, 사회 탐구 방법 및 사회과제 연구, 기업과 경영, 회계 정보 처리 시스템, 금융 일반, 마케팅과 광고, 창업 일반, 커뮤니케이션, 유통 관리",68.0,70.4,65.9
10149,디자인학과,"디자인 드로잉, 제품디자인, 시각디자인, 패션디자인 기초, 산업기기 디자인","미술 이론, 미술사, 드로잉, 미술 전공 실기, 디자인 일반, 시각 디자인, 색채 관리",65.4,66.5,65.1
10150,디지털디자인학과,"컴퓨터그래픽스 , 모바일디자인, 디지털편집디자인, 웹콘텐츠디자인, 포트폴리오디자인","매체미술, 드로잉, 사진표현기법, 문학과 매체, 사회과제 연구, 영화 기술, 시나리오, 현대 세계의 변화, 미디어콘텐츠일반, 문화콘텐츠산업일반, 영상제작기초, 컴퓨터그래픽, 프로그래밍, 디지털논리회로, 디지털이미지재현",68.8,71.0,67.5
10152,무도과,"경호론, 무도전공실기, 무도학개론, 운동처방론, 구급 및 안전관리","스포츠 개론, 체육 지도법, 체육 전공 실기 기초, 체육 전공 실기 심화, 체육 전공 실기 응용, 인체 구조와 기능, 간호의 기초",72.0,73.6,68.9
10153,반도체과,"전자회로, 반도체공정, 반도체재료공학, 디스플레이공학, 광전자공학","심화수학IᆞII, 고급 수학IᆞII, 고급 물리학, 물리학 실험, 고급 화학, 화학 실험, 정보과학, 융합과학탐구, 과학과제연구, 공업 일반, 반도체 개발, 프로그래밍, 자료구조",83.5,81.6,91.5
10154,세무회계학과,"세무회계, 원가회계, 재무회계, 회계감사, 회계원리","심화 수학I, 정보과학, 국제 경제, 국제법, 지역 이해, 세계 문제와 미래 사회, 국제 관계와 국제기구, 사회 탐구 방법 및 사회과제 연구, 회계 원리, 세무 일반, 금융 일반, 보험 일반, 예산ᆞ자금, 무역 금융 업무",63.1,64.7,61.8
10156,패션디자인학과,"색채연구, 의복구성, 패션디자인 기초, 패션 패턴 메이킹, 패션 CAD","미술 이론, 매체 미술, 세계 문제와 미래 사회, 사회 탐구 방법 및 사회과제 연구, 디자인 일반, 색채 관리, 정보처리와 관리, 빅데이터 분석",70.2,71.8,69.9
10157,호텔경영학과,"관광법규, 여행사경영론, 호텔경영론, 재무관리, 경영과학","정보과학, 생태와 환경, 지역 이해, 비교 문화, 세계 문제와 미래 사회, 사회 탐구 방법 및 사회과제 연구, 커뮤니케이션, 비즈니스 영어, 마케팅과 광고, 빅데이터 분석",68.5,70.3,66.6
21001,IT융합학과,"프로그래밍 기초, 공학설계 , 프로그래밍 응용, 디지털 논리설계, 융합캠스톤입문","심화수학IᆞII, 고급 수학IᆞII, 고급 물리학, 물리학 실험, 고급 화학, 화학 실험, 정보과학, 융합과학탐구, 과학과제 연구, 디지털 논리 회로, 프로그래밍, 자료구조, 사물 인터넷 서비스 기획, 로봇 지능 개발",75.2,77.6,69.7
21004,공간연출과,"공연기획, 공연제작실습, 무대미술사, 무대기술기초, 무대연출론","미술 이론, 미술사, 드로잉 미술 전공 실기, 디자인 일반, 시각디자인, 색체 관리",69.7,71.8,68.9
21005,국제지역학과,"국제관계학, 비교정치론, 사회과학방법론, 외교정치의 이해, 지역학개론","국제관계와 국제기구, 국제경제, 국제법, 생태와 환경, 사회과제 연구, 세계문제와 미래사회",59.1,61.0,58.0
21006,기계ᆞ재료공학교육과,"기계공작법, 재료역학, 기계설계, 기계재료교육론, 기계ᆞ재료공학기초실습","심화 수학IᆞII, 고급 수학IᆞII, 고급 물리학, 물리학 실험, 고급 화학, 화학 실험, 정보 과학, 융합 과학 탐구, 과학과제 연구, 기계제도, 기계기초공학, 기계일반, 재료일반, 재료시험, 세라믹 재료, 산업 설비",57.8,58.7,57.0
21007,무인항공드론과,"드론운영기초, 무인항공기운용실습, 무인항공기조종실습, 항공기체, 드론제작정비","고급물리학, 물리학 실험, 과학과제 연구, 심화수학I, 심화수학II, 고급수학I, 고급수학II, 심화영어I,II, 심화영어회화I,II,, 항공기 일반, 항공기 실무 기초",74.6,74.8,73.2
21008,무인항공학과,"무인항공학개론, 무인기설계, 무인기제어공학, 회전익항공기개론, 회전익운항실습","심화수학IᆞII, 고급 수학IᆞII, 고급 물리학, 물리학 실험, 고급 화학, 화학 실험, 고급 지구과학, 지구과학 실험, 정보과학, 융합과학탐구, 과학과제연구, 생태와 환경, 지역 이해, 사회과제 연구, 소형 무인기 정비, 프로그래밍, 빅데이터 분석",70.4,71.0,66.9
21009,물류학과,"물류수학, 물류정보시스템, 물류정책론, 물류영어, 국제운송론","심화 수학I, 정보과학, 국제 경제, 국제법, 지역 이해, 세계 문제와 미래 사회, 국제 관계와 국제기구, 사회 탐구 방법 및 사회과제 연구, 상업경제, 유통 일반, 국제 상무, 비즈니스 영어, 커뮤니케이션, 무역 금융 업무, 전자 상거래 일반, 수출입 관리, 원산지 관리",64.6,67.3,61.8
21010,미생물학과,"바이오다양성, 병원미생물학, 세균학, 바이러스학, 진균학","고급 생명과학, 생명과학 실험, 물리화학 실험, 융합과학 탐구, 과학과제연구, 정보과학, 생명공학 기술",62.3,63.9,60.6
21011,방송영상미디어과,"영상미학, 영상제작기획, 방송학개론, 영상연출론, TV영상연출","미술 이론, 미술사, 드로잉 미술 전공 실기, 디자인 일반, 시각디자인, 색체 관리",69.7,71.8,68.9
21013,생활문화과,"행복론, 인문학과 예술, 인간의 심리 탐구, 노후설계, 사회보장제도와 보험","사회과제 연구, 기초제도, 식품과학, 식품위생",76.2,67.6,79.2
21014,수산학과,"양식학개론, 수산학개론, 수산질병학 및 실습, 수산법규, 관상어번식 및 실습","고급 생명과학, 생명과학 실험, 과학과제연구, 융합과학 탐구, 생태와 환경, 정보과학, 사회탐구 방법, 생명공학 기술, 인간과 환경",77.6,81.6,70.4
21015,순수미술과,"드로잉, 기초판화, 기초회화, 기초조형, 기초사진","미술 이론, 미술사, 드로잉 미술 전공 실기, 디자인 일반, 시각디자인, 색체 관리",70.4,60.0,71.6
21016,식량자원학과,"쌀생산과학, 토양환경학, 식물검역론, 식량자원, 조경교과교육론, 식량작물육종학","심화수학IᆞII, 고급 수학IᆞII, 고급 화학, 화학 실험, 고급 생명과학, 생명과학 실험, 융합과학 탐구, 과학과제연구, 생태와 환경, 지역 이해, 세계 문제와 미래 사회, 사회과제 연구, 식품 과학",65.0,68.3,60.4
21017,식품자원경제학과,"식품자원경제입문, 농업경제학, 응용경제수학, 환경경제학, 식품경제세미나","심화수학IᆞII, 고급 수학IᆞII, 고급 화학, 화학 실험, 고급 생명과학, 생명과학 실험, 융합과학 탐구, 과학과제연구, 생태와 환경, 지역 이해, 세계 문제와 미래 사회, 사회과제 연구, 식품 과학",65.0,68.3,60.4
21018,유통물류과,"물류관리, 유통관리, 상권분석, 화물운송, 유통물류망관리","정보과학, 국제 정치, 국제 경제, 국제법, 지역 이해, 비교 문화, 세계 문제와 미래 사회, 사회 탐구 방법 및 사회과제 연구, 커뮤니케이션, 국제 상무, 기업과 경영, 비즈니스 영어",60.4,68.6,56.1
21019,응용미술학과,"소재와 표현, 조형원리, 평면조형, 미술재료학, 소묘, 기초입체","미술 이론, 미술사, 드로잉 미술 전공 실기, 디자인 일반, 시각디자인, 색체 관리",61.0,57.4,61.9
21020,의료경영학과,"의료경영학원론, 의료경영영어, 기초의학용어, 공중보건학개론, 보건산업론","심화 수학I, 정보과학, 국제 경제, 세계 문제와 미래 사회, 사회 탐구 방법 및 사회과제 연구, 기업과 경영, 회계 정보 처리 시스템, 금융 일반, 마케팅과 광고, 창업 일반, 커뮤니케이션, 유통 관리",68.5,70.3,66.6
21021,조형과,"관찰과 표현, 디자인론, 조형 원리, 평면조형, 조형 예술론","미술 이론, 미술사, 드로잉 미술 전공 실기, 디자인 일반, 시각 디자인, 색채 관리",61.5,60.0,61.8
21022,컴퓨터과,"프로그래밍언어, 웹기획, 데이터베이스, 자료구조, 운영체제","심화수학IᆞII, 고급 수학IᆞII, 고급 물리학, 물리학 실험, 고급 화학, 화학 실험, 정보과학, 융합과학탐구, 과학과제연구, 디지털 논리 회로, 프로그래밍, 자료 구조, 사물 인터넷 서비스 기획, 로봇 지능 개발",66.3,66.2,66.6
21023,컴퓨터시스템과,"정보보안개론, C프로그래밍, JAVA 프로그래밍, 컴퓨터구조, 운영체제","심화수학IᆞII, 고급 수학IᆞII, 고급 물리학, 물리학 실험, 고급 화학, 화학 실험, 정보과학, 융합과학탐구, 과학과제연구, 디지털 논리 회로, 프로그래밍, 자료 구조, 사물 인터넷 서비스 기획, 로봇 지능 개발",66.3,66.2,66.6
21024,특수체육교육과,"특수교육론, 지적장애체육론, 특수체육평가, 청각쟁애체육론","합창, 스포츠 개론, 체조 운동, 간호의 기초, 인체 구조와 기능",62.8,62.0,63.1
21025,패션산업과,"컬러와패션, 패션디자인, 패턴메이킹, 패션소재기초, 패션마케팅","사회과제 연구, 사회탐구 방법, 비교문화, 융합과학 탐구, 화학 실험, 과학 과제 연구, 현대 세계의 변화, 드로잉, 평면조형, 입체조형, 매체미술, 색채관리, 컴퓨터그래픽, 디자인일반",69.6,75.0,68.7
21026,화학공학교육과,"화학 개론, 유기화학, 섬유화학, 화공섬유 교육론, 공업화학 실험","심화 수학IᆞII, 고급 수학IᆞII, 고급 물리학, 물리학 실험, 고급 화학, 화학 실험, 정보 과학, 융합 과학 탐구, 과학과제 연구, 화학 분석, 화학 물질 관리, 공정 제어, 석유 화학 제품, 고분자 제품 제조, 섬유제료, 섬유 공정, 염색가공기초",57.8,58.7,57.0
21027,산업공학과,"산업경영공학개론, 물류공학, 생산계획, 안전공학, 품질경영","심화수학IᆞII, 고급 수학IᆞII, 고급 물리학, 물리학 실험, 고급 화학, 화학 실험, 정보과학, 융합과학탐구, 과학과제연구, 생태와 환경, 지역 이해, 세계 문제와 미래 사회, 사회 탐구 방법, 사회과제 연구, 공업일반, 기업과 경영, 프로그래밍. 빅데이터 분석",76.2,77.1,73.7
